timestamp,sample,aclnx,aclny,aclnz,girox,giroy,giroz,magnx,magny,magnz,acelx,acely,acelz,Class
2016-05-14 11:23:29,0,0.05006510735973,1.9912577925171169,0.4421831194656799,-0.0559230870107514,0.0991393600212799,-0.0297758933480148,1.5425030142068868e-07,41.67448590695858,-2.2927788028027862,0.050065139257116,1.99125781004482,10.248833899569066,6
2016-05-14 11:23:29,1,0.4044822913627177,1.1678312871219825,0.0716804598001236,-0.0008314037268042,0.1030798754059296,-0.0778160277130405,-2.6788115881535466e-07,41.59269232603208,-1.9275427966245584,0.4044823026878201,1.1678314004215993,9.878329751895787,6
2016-05-14 11:23:29,2,0.6535532412458531,1.1067142188447516,0.3007479452094539,0.0305495657937427,0.0199123648732262,-0.0036766421893672,7.2980527671016e-08,41.67541305410999,-1.6849594095303695,0.6535532297653638,1.1067143043771857,10.107399970904297,6
2016-05-14 11:23:29,3,0.2996668331217396,1.3142212933509296,0.6421689950113848,0.0526684922173352,-0.0450768570250668,0.0150155649496894,2.643364310568696e-07,41.59223140361814,-1.508806835631935,0.2996668453540863,1.314221260241624,10.448819067528204,6
2016-05-14 11:23:29,4,-0.2441360796411432,1.0597039105503878,0.6542707909515254,0.0108110793714216,-0.0457750573156233,0.0127557358777592,-2.643554376400248e-07,41.56867994390883,-1.3895642125708223,-0.2441360724762508,1.0597038379892,10.460921499429173,6
2016-05-14 11:23:29,5,-0.4555772482640167,0.519516029474898,0.1266374322164305,-0.0181099223633789,-0.0345803060714067,0.0510396234459296,1.516725335802351e-07,41.78724488593181,-1.359785618203483,-0.4555772665142564,0.5195159872671258,9.933288674591685,6
2016-05-14 11:23:29,6,-0.1745339504958702,1.4579663148687958,0.9029925596976978,0.0171717564412643,0.0300872501642066,-0.0138641609507932,9.825215579903858e-08,41.80131911577619,-1.2293597355827082,-0.1745339228642607,1.4579662867833811,10.709644191589616,6
2016-05-14 11:23:29,7,0.2843082968926594,1.2601682505889205,0.77067250454204,0.0134684829274309,0.1150697786658269,-0.0576707450295982,-2.2208717252526883e-07,41.81812175709221,-1.1932459241444513,0.2843083120030435,1.2601680394871253,10.577323238756437,6
2016-05-14 11:23:29,8,0.6382901011670414,0.5745091899372856,0.6299508082653014,0.0032391507638203,0.0486227226734412,-0.0516290461270789,-5.858779257656641e-09,41.83590194887044,-0.9619089149660908,0.6382901263512554,0.5745090690086658,10.436600903553966,6
2016-05-14 11:23:29,9,0.5497575351165584,0.7774226333852199,0.6954077713585918,0.0067137626279704,0.0055428069408877,-0.0093266358488177,1.863025280894068e-07,41.893661372249525,-1.0375782510512794,0.5497575766750703,0.7774225556112948,10.502059054421215,6
2016-05-14 11:23:29,10,0.1352815443868357,1.5323734854104232,0.8421008616493552,-0.0250377794072672,-0.0175211043417368,-0.003640517584398,-1.7624804560018993e-07,41.82652835268527,-0.8603335751116048,0.1352815745673013,1.5323734697140288,10.648752182554286,6
2016-05-14 11:23:29,11,-0.1399204636942408,0.9570056498743724,0.3721997812776849,0.0161380032861616,-0.0413863215108838,0.0428952334235957,4.8104711637205e-07,41.78813025260306,-0.7136156336898555,-0.139920440388087,0.9570055137040194,10.17884897272712,6
2016-05-14 11:23:29,12,-0.2546748175270105,0.6303733440974595,0.3360767677224344,0.0248710419220984,-0.0301384498327032,0.0355353606824024,1.4273468785139836e-07,42.08719941283747,-0.6366846011428886,-0.2546748009498605,0.6303731643242602,10.142727495539615,6
2016-05-14 11:23:29,13,-0.04055517941766,0.9312394771993032,0.6908253126613748,0.0050241308803283,0.0619243972775012,-0.0075385288648221,3.7365992154393926e-07,42.2182005685279,-0.3134496693489886,-0.0405551510728063,0.9312396098096634,10.497474982333577,6
2016-05-14 11:23:29,14,0.374514224386189,1.1873472648994292,1.0393628329850566,-0.0020150088373761,0.1333155078906594,-0.1273815719176121,-8.23222632919039e-08,42.29051567481033,-0.2163860913632172,0.3745142061343232,1.1873474265268358,10.846013471670624,6
2016-05-14 11:23:29,15,0.5723450155267779,0.0604685765466892,0.2074413087359125,-0.0144086778711455,0.0934562023008214,-0.1510809722904481,-8.955664400543499e-08,42.61389171366333,-0.041039301804742,0.5723449942148845,0.0604686799635446,10.01409245139829,6
2016-05-14 11:23:29,16,0.1596937904640611,0.0390900412854099,0.1299819574882193,-0.0111052328368391,-0.0575069968419617,0.0408448149611597,3.9148809654372244e-08,42.60514822841755,-0.0220515324677131,0.1596937991913365,0.0390901505183977,9.936632211392524,6
2016-05-14 11:23:29,17,-0.4590001871780087,1.0773828934947032,0.8700171648960036,0.0374473987119369,-0.0264544348790665,-0.0111166410644037,2.4045228349919345e-07,42.54001449987444,-0.1231482447248562,-0.4590001878364812,1.0773828945703476,10.676666653821764,6
2016-05-14 11:23:29,18,-0.6165842776602887,1.037014730496661,1.0652280693965634,0.08553838277415,0.0234462458175599,-0.0492221422750392,4.944087443303088e-07,42.657009172842514,0.0624077941566629,-0.6165842678384312,1.0370146972951917,10.871879026190404,6
2016-05-14 11:23:29,19,-0.187097783767361,0.0506273022052033,0.5265885392407795,0.0456288106971044,0.0582049721486384,-0.018634377163628,-6.812814699143796e-07,42.78045798499821,0.0484730440182422,-0.187097764263472,0.0506275270074239,10.333239381307582,6
2016-05-14 11:23:29,20,0.1596961749151197,-0.112594712232256,0.2089388348685106,-0.0306046598212262,0.0350753630522844,0.0068805703171467,6.28020272267108e-07,42.71770935404894,-0.0475596874068508,0.1596961812684267,-0.1125945080724498,10.015590855417273,6
2016-05-14 11:23:29,21,0.1727391227317976,0.4519248090199279,0.4068199670520772,-0.0375434526201529,-0.00850458852885,0.0144614687431805,-2.3619005722658978e-07,42.70658338495663,-0.0570595910373542,0.172739136189099,0.4519247197811474,10.21347072937832,6
2016-05-14 11:23:29,22,-0.1496569230761673,0.8761537152908684,0.815217478196635,0.0139634959250245,-0.0561986867416609,0.0085183506985188,2.886648574958044e-07,42.668889736338535,0.0870805402875552,-0.1496569611768854,0.8761536708540826,10.621866835606331,6
2016-05-14 11:23:29,23,-0.5207191684676378,0.8724057137536138,0.8306470810974507,0.0306936658167752,-0.0595435107629186,0.0070761714019786,-1.1809740443618917e-07,42.45306310346541,0.3788265548646449,-0.5207192033794963,0.8724058203367753,10.637297165541591,6
2016-05-14 11:23:29,24,-0.5925418337029237,0.5318805800075561,0.535591767139723,0.0004223272801625,-0.0185017982036944,-0.0149935261301028,-2.715090403751805e-08,42.40055253575271,0.5825710342199131,-0.592541819945915,0.5318806527425848,10.34224265391461,6
2016-05-14 11:23:29,25,-0.201270509935091,0.2107174649494329,0.1549510244394262,-0.0348003763740012,0.0548583786996894,-0.015702001859517,-5.2144560886891214e-08,42.38062604530049,0.6090271116795066,-0.2012704682203763,0.2107173593752473,9.961600757175592,6
2016-05-14 11:23:29,26,0.3888058457622821,0.126386326553313,-0.0506392454348898,-0.0517150126468579,0.0930516027968493,-0.015617020411892,-1.8930319240506613e-07,42.29373928893129,0.5900092988027902,0.3888058627010847,0.1263860077398189,9.756011030197612,6
2016-05-14 11:23:29,27,0.862873116647562,0.5899778672170152,0.558992007108336,0.0139788666734056,0.0764452370466621,-0.0218184553624526,-3.482053550530398e-07,42.127113202624784,0.790608515725375,0.8628730992551708,0.589977863544469,10.365643735382411,6
2016-05-14 11:23:29,28,0.7846315453452644,0.6509311344193591,0.9481983396628508,0.0431110340079678,-0.0248709258954575,0.0137149905349522,-1.6477757266589445e-07,41.99329290113279,0.9013722246246678,0.7846315084578511,0.6509313286358421,10.754850357074844,6
2016-05-14 11:23:29,29,0.1235828222273704,0.4584839522443571,0.7107586064499887,0.0228608947269127,-0.1010830493792464,0.0410963708856507,2.0092334218170524e-07,41.74349396691031,1.0810534235337093,0.1235828311198283,0.4584840090039725,10.51740957715823,6
2016-05-14 11:23:29,30,-0.5066355422390677,0.4647533892619173,0.5624120347790631,0.0311091154759305,-0.0622108928362052,0.0214704105426383,1.8294549033957866e-07,41.71092967084629,0.9539319720993557,-0.5066355536594148,0.4647533987821119,10.36906259540114,6
2016-05-14 11:23:29,31,-0.5723215908783531,0.0382525208091062,0.349166844157471,0.0158898722918986,0.0291034296712355,-0.0093569377334609,1.5196475979624604e-07,41.782798370080336,0.9917172194477548,-0.5723215772667875,0.0382527972299066,10.155816308729792,6
2016-05-14 11:23:29,32,-0.0568074899773237,-0.1510640100596535,0.086495718405549,-0.0574327496392284,0.091427705570292,-0.0064162059460525,1.1697601603002035e-07,41.728784611410646,1.0621482763553454,-0.0568074666014094,-0.1510637689283762,9.893145868868,6
2016-05-14 11:23:29,33,0.4144179970549585,-0.1764373304054689,-0.1992269980392538,-0.0402268350331904,0.0821779405183141,-0.0272148562480992,-7.78081997924888e-08,41.59107728492545,1.0356490109686036,0.4144180052108912,-0.1764372533329827,9.607423669697994,6
2016-05-14 11:23:29,34,0.3697562578218168,0.3587389895844091,0.1218577980186839,0.0329657463232107,-0.0378954191897494,0.0056590926092639,2.3906005128305856e-07,41.66994710494669,1.191746405591922,0.3697562547621893,0.3587389856317098,9.928508795364351,6
2016-05-14 11:23:29,35,-0.318278154744844,0.5936070762488941,0.7984109308448415,0.1193858981138862,-0.1201520013500452,0.0079553570568544,-2.1021280969892816e-08,41.63855905405113,1.263694123963692,-0.31827815329041,0.5936069342906054,10.605062420594653,6
2016-05-14 11:23:29,36,-0.7001385730037768,0.6175029127286205,1.1364505444610882,0.0873031085231652,-0.0328194373602534,-0.0178358369069244,1.898044910357852e-08,41.60684863331595,1.37150117950704,-0.7001385828745899,0.6175027064440821,10.943100163353666,6
2016-05-14 11:23:29,37,-0.2616834203241222,0.8951136859006064,1.4057365530988757,0.0160337978987155,0.1204819049660401,-0.0681303843030164,2.0150779461373959e-07,41.64422581443678,1.568862372838265,-0.261683427955986,0.8951137607446051,11.212386034506236,6
2016-05-14 11:23:29,38,0.391007621300194,-0.0877391780837358,0.4835120347182909,-0.0095223323314559,0.1375075061026496,-0.0593539445802119,8.513998924469423e-08,41.533851160059626,1.8513450792905095,0.3910076527506492,-0.0877390682379969,10.290163460195451,6
2016-05-14 11:23:29,39,0.4652036168587417,-0.8971528152729169,0.0806593562654932,0.0449686839076707,-0.0094325525043218,0.0054394989121253,-3.8119128011927433e-07,41.5069530563315,1.7434782477960522,0.4652035832586819,-0.8971528476716317,9.887308518085256,6
2016-05-14 11:23:29,40,0.1557464543204431,-0.2537643561901617,0.51555867289451,0.0487675382491712,-0.038119767229827,0.0482552001439535,5.7048259340987634e-08,41.47073138081374,1.7540460259187969,0.1557464530569671,-0.2537641239083755,10.32220881329503,6
2016-05-14 11:23:29,41,-0.6376461218780738,-0.005681666716541,0.5831124657192586,0.0064204499645004,-0.1352127209223931,0.0320315005432951,-1.132792356062895e-07,41.509373697319205,1.9016602556316216,-0.6376460930270937,-0.0056817995338035,10.389762759923402,6
2016-05-14 11:23:29,42,-0.7690369815501646,-0.3759832119201188,0.1235104765700574,-0.0011571256824096,-0.0163602319201976,0.0440638217825134,-1.853664538690022e-07,41.493703403377104,1.7663391733076423,-0.7690369989031973,-0.3759832563794366,9.930161166477063,6
2016-05-14 11:23:29,43,-0.6204480981047421,-0.970804766520936,-0.4876548339489942,-0.0867669314109526,0.0131669125213475,-0.0103312148281359,2.4860610767286705e-07,41.62542024212985,1.672404856397295,-0.6204480661770739,-0.970804991413013,9.31899588158769,6
2016-05-14 11:23:29,44,-0.0630639654863757,-0.8161770121194032,-0.2113082004133937,-0.0290342926668769,0.0793815900814588,-0.0306080356807875,-3.8950190860398e-07,41.61804290959726,1.6585955494748696,-0.0630640154121452,-0.8161768002871386,9.595344423975694,6
2016-05-14 11:23:29,45,0.1554845452414434,-1.0919085243796662,0.1605009146687276,0.0684518246177262,0.0318347042436501,-0.0543531550017625,2.2466256454282798e-07,41.74952451253728,1.3864684122975688,0.1554845087046543,-1.0919084632050249,9.9671501193156,6
2016-05-14 11:23:29,46,0.3146382563666496,-1.32968986662554,-0.2324481633902695,0.0229822869319506,0.0405650819117029,-0.0237754564613345,3.1113776625419156e-08,41.79308509950204,1.0300199631459022,0.3146382636057389,-1.3296898245061903,9.574203911267784,6
2016-05-14 11:23:29,47,0.1538408817744096,-0.4131941049407389,-0.9665438591131374,-0.147901422152356,-0.0627931981074087,0.0318652869130175,1.6189807531785016e-07,41.66587355803242,1.0257993107756638,0.1538409366314736,-0.4131939756135628,8.840107012466099,6
2016-05-14 11:23:29,48,-0.4652754148683874,0.8228725934052947,-0.0919361462787896,-0.0016135900395499,-0.1397241209528812,0.027337620768248,-2.1296401261065609e-07,41.77308605071537,1.02397747816784,-0.4652753873647341,0.8228728005599517,9.714715953498622,6
2016-05-14 11:23:29,49,-0.799370297779495,-0.382683098519065,0.4412372080722213,0.172740029525669,-0.0616441871577405,0.0077380463007044,5.743931978940964e-07,41.88749057427049,1.1321285162121058,-0.7993702993985075,-0.3826832582706405,10.247886188466808,6
2016-05-14 11:23:30,0,-0.3783427510374757,-1.093232698681275,0.6968188009659992,-0.0362547165922266,0.130522883962987,-0.0655285827584414,-3.80445271730423e-07,42.09698824957013,1.1215849863365293,-0.3783427622718101,-1.0932326323207562,10.503470362415596,6
2016-05-14 11:23:30,1,0.6885157496575474,-0.4334542717848535,0.2327279304071199,-0.1372798975151179,0.1303102487142629,-0.057727739565622,-2.1619988339287867e-09,42.058198257520495,1.173547136787401,0.6885157872580336,-0.4334541899443422,10.039379366447308,6
2016-05-14 11:23:30,2,0.5665539168089122,-0.1844623597260266,-0.8805205469775492,-0.1033827302498417,-0.0409800260401402,0.0206383150755362,2.1988003305634659e-07,42.14717030722876,1.3121079608788524,0.5665539524168395,-0.1844623547641077,8.92612966922356,6
2016-05-14 11:23:30,3,-0.3447285803024265,-0.6254215993437118,-0.6366702273703377,0.1376476139418716,-0.2204108967866929,0.0673727839051367,-5.0609779297089104e-08,42.05040387372125,1.4214815346105971,-0.3447285971271228,-0.6254216581783654,9.16998325343888,6
2016-05-14 11:23:30,4,-1.2346696970335795,-0.1409720159816458,1.310595405680658,0.1966162307450274,-0.1726074423531394,0.0202366153262484,-2.7714449228072625e-07,42.05982112428363,1.616163757059495,-1.234669655437191,-0.1409722287451345,11.117246717105008,6
2016-05-14 11:23:30,5,-0.6516343279278374,-0.5125796943912881,1.261246775620302,0.0533162478543823,0.1239934309742538,-0.1044942719218388,1.8458005649094733e-07,42.11802839985764,1.8031490332047853,-0.651634321066588,-0.512579872451326,11.06789935518706,6
2016-05-14 11:23:30,6,0.8888277802248492,-0.0083988098787131,1.1634987756609263,-0.040804805754129,0.2583834043568283,-0.0800639254139989,2.6551246338961084e-07,41.99512065492799,1.697766668082462,0.8888278501170852,-0.0083987866614236,10.97014931453032,6
2016-05-14 11:23:30,7,1.6339753415098492,-0.6293550327000332,-0.0757103716964842,-0.0911316112679075,0.0473226299145728,-0.0360289850102606,-4.131080848830089e-07,42.00449162934508,1.6763477870928392,1.6339752725277084,-0.6293548872823962,9.730939312514217,6
2016-05-14 11:23:30,8,0.6954284234137216,0.2130250719938828,0.3378284701682315,-0.0255961304674943,-0.1329863668235655,0.0906435869297038,1.3563572904285098e-07,41.81022880203566,1.7294402968480576,0.6954284334028227,0.213025248846236,10.144479342496926,6
2016-05-14 11:23:30,9,-0.8414807657299832,-0.3386572968832357,0.5605241573070672,0.0817539534002734,-0.2146036658677661,0.035331775689649,-1.7251325201014978e-07,41.88318129225957,1.6100364569954724,-0.8414807749617239,-0.3386575160067728,10.367175693096222,6
2016-05-14 11:23:30,10,-1.1881541447457895,-0.4900936322735525,0.9294491805187772,0.0683712927225438,-0.02160277687495,0.0340010723795344,1.879442217094569e-07,41.91600537497778,1.41618944803842,-1.1881540665487442,-0.4900934231207188,10.736098781983102,6
2016-05-14 11:23:30,11,-0.5923062172930962,-0.7384713121261886,0.3117802187985914,-0.0837333421685103,0.1254698163298241,-0.0664553309795534,-4.91795339146442e-08,42.074802602907376,1.4415468208596338,-0.5923061916692411,-0.7384713027209378,10.11842916596457,6
2016-05-14 11:23:30,12,0.2825821886114461,-0.1286117265003419,-0.6333815425476037,-0.1337631186446161,0.1357997401148796,-0.0220780248002412,-2.7408680821560065e-07,42.029108610080215,1.3691341700412485,0.2825821464021036,-0.1286116877607575,9.17327150258191,6
2016-05-14 11:23:30,13,0.681329657435672,0.973499505983713,0.1999262737540981,-0.0290154423297495,0.0113456225538263,0.0040007746199684,9.094198633517568e-07,42.124932855424674,1.3113013143480126,0.6813297202810631,0.9734997057483596,10.006578247526503,6
2016-05-14 11:23:30,14,0.5651459941567509,-0.2334076501682069,0.3952900262996051,0.1072674115553791,-0.0309212044398634,0.0237114146122878,2.2930492247853974e-07,42.04965514210718,1.664906601421535,0.5651460344226535,-0.2334073913156515,10.20194137953331,6
2016-05-14 11:23:30,15,-0.1371240933436333,-1.1523643241873949,0.5123180421568121,0.0507547878767684,-0.1158162527121562,0.04164110649044,6.696304344401077e-07,41.966779996545945,1.7298541916914436,-0.1371240207516528,-1.152364237967078,10.318967950171633,6
2016-05-14 11:23:30,16,-0.8311179877260173,-0.0679580844410008,1.0080668111396354,-0.1217224301450908,-0.0640916847360585,0.0324990600140283,-1.297009234525704e-07,42.0600099931186,1.768335837918353,-0.8311179705724001,-0.0679581142852026,10.814717532582344,6
2016-05-14 11:23:30,17,-0.2955894002042427,0.5639529025065868,0.5497563400673897,-0.1111983707145698,0.139736005571784,-0.0383074371141427,5.903919892651683e-08,41.91255262794391,1.9600773488732093,-0.2955893611309825,0.563952926072826,10.356405224074166,6
2016-05-14 11:23:30,18,0.4386106642337584,-0.2020812719070948,-0.184090647637354,0.0235263842076272,0.1408289412987279,-0.057330212985343,6.81528555495405e-08,41.94056476017802,1.998165174662991,0.4386106402952139,-0.2020814196848359,9.622561356368678,6
2016-05-14 11:23:30,19,0.9734357491306476,-0.7053023116645072,0.2423627856284689,0.1464486194838268,0.0629460170465994,0.0132549296303909,2.810978615770538e-07,41.847960865239095,1.905465096168752,0.973435776413318,-0.705302442224248,10.049011504922143,6
2016-05-14 11:23:30,20,0.3279029519599632,-1.011952072406137,0.5300894753644712,0.0434096418451527,-0.1226367405128869,0.0295617215810867,-2.8709443856256648e-08,41.85250232129225,1.9952135042344428,0.3279029332222745,-1.011951808857562,10.336738287277994,6
2016-05-14 11:23:30,21,-0.8017296698732288,-0.7769025525675577,0.0564911960820913,-0.1047704887683727,-0.1060701593149027,0.0728267750884202,5.301886371203573e-08,41.935125291347504,1.947485908932452,-0.8017297131761296,-0.7769027889700908,9.863141919321848,6
2016-05-14 11:23:30,22,-0.5063335068282981,0.4850741908155171,0.8600373722140446,-0.0036615491109983,0.0558592903293758,-0.0086877528687896,-2.2765134974401945e-07,42.07531690012132,1.825308138352572,-0.5063335847869617,0.4850740356611727,10.666689021656651,6
2016-05-14 11:23:30,23,-0.0354260909977952,-0.3589148392009385,-0.1092904407357169,0.0014415865637172,0.1478618798131674,-0.0224004960669305,-9.814049212300029e-08,41.944534783764766,1.8581879269901889,-0.0354261379203144,-0.3589151319189003,9.697361296373863,6
2016-05-14 11:23:30,24,0.2759286669968759,-0.4003894316590903,-0.2834386400730495,-0.0176927370593449,0.022487978247623,0.001483909064592,1.7118754283505634e-07,41.91342382914178,1.8643807528863603,0.2759286475591249,-0.4003897649541841,9.523213630808456,6
2016-05-14 11:23:30,25,-0.0692544436378312,-0.443809941992022,0.1517582781977573,0.0493964569197747,-0.0371063040673743,0.051946330746604,-3.5472461307535295e-07,42.1931020851076,1.8284779258823136,-0.0692544517541087,-0.4438098129186931,9.958409999844932,6
2016-05-14 11:23:30,26,-0.6671730934950091,-0.9019494148620132,0.370922834622013,0.0904459152453838,-0.1244979195831719,0.0304994000781638,8.791019873959284e-08,42.06552644013142,1.9403140041739584,-0.667173138820953,-0.90194932941883,10.177571964899377,6
2016-05-14 11:23:30,27,-0.9236431730766874,0.0365721972710773,1.2038471014115428,0.0302641767153227,-0.0367280512368474,0.0422624602711498,-3.790863010348128e-07,41.992835540438485,1.9873815776248065,-0.9236431923165256,0.03657201897785,11.010498622054351,6
2016-05-14 11:23:30,28,-0.5316679653967178,-0.2456120466767757,-0.0863610699494739,-0.1402541996098702,0.090107670706921,-0.0847001347150409,7.986091077327678e-08,41.79496357456914,1.788982302216547,-0.5316679930915562,-0.2456120987656209,9.72028990708574,6
2016-05-14 11:23:30,29,0.3891990499897861,0.4279694114876262,-0.3460421397208347,-0.0526975956815203,0.1603196412133631,-0.0208021437517653,1.0652714694032725e-07,41.517061442954045,1.7302109508261998,0.3891990393926419,0.427969523244863,9.460607512585868,6
2016-05-14 11:23:30,30,0.6014119230586417,-0.7236977074390829,-0.3295260046492965,0.0828657014507563,0.0319554587793751,-0.0517966931645388,1.3383485528887393e-07,41.69621434707042,1.9474844570908392,0.6014118995451234,-0.7236980066764134,9.477123555640947,6
2016-05-14 11:23:30,31,0.2102129015423663,-0.9363443079867412,0.6443605456939947,0.053041959441945,-0.1018307748974118,0.0533511872564667,4.1814482941915376e-08,41.70529443017986,1.811520306621583,0.2102128671873142,-0.9363439720054068,10.451012153462708,6
2016-05-14 11:23:30,32,-0.3890359220124715,-0.4001479962603653,1.2065796064370806,0.0193643327237852,-0.0265359447403303,0.0220596930490326,-1.7090481991062486e-07,41.81832528315789,1.7910296497866511,-0.3890359630037743,-0.4001482009253152,11.013230775297064,6
2016-05-14 11:23:30,33,-0.0544176700160523,-0.4205688405222907,0.3804064467459264,-0.0816930783354291,0.0886479719397373,0.0186483394091962,-1.088316951479238e-07,41.72553219737447,1.7543044501193323,-0.0544176932248294,-0.4205686486929436,10.187058882905063,6
2016-05-14 11:23:30,34,0.3200453162284447,-0.1310332902259663,0.1407567398297312,-0.0510362009705235,0.0956476410424613,-0.007996841007711,7.23556862497814e-08,41.79014624332135,1.712086064237341,0.3200452933730215,-0.1310331479312054,9.947407320811076,6
2016-05-14 11:23:30,35,0.0070386118144227,-0.4974865942030071,-0.2619520450302586,-0.0759134209750228,-0.031642639510226,0.0360424581832892,3.366065876824569e-08,41.75536015044366,1.779229344833376,0.0070386458318445,-0.4974865692585917,9.544699169996091,6
2016-05-14 11:23:30,36,-0.4738581391045784,-0.0734709802950934,0.633305281420667,0.0120401702281485,-0.0969919205900943,0.0505104052901627,2.430561853914744e-07,41.928180004717134,1.894761770754596,-0.4738581826126307,-0.0734709421280737,10.439958353535005,6
2016-05-14 11:23:30,37,-0.8836116552839357,-0.99206550230614,0.1235386336251735,-0.0190512302044754,-0.0212549239030142,0.0058807062368346,-1.272110610592125e-07,42.1782537474278,1.6638804703133598,-0.8836116568359138,-0.99206539608552,9.930188382034116,6
2016-05-14 11:23:30,38,-0.401509145736119,0.1210911091944808,0.9587516289104272,-0.0232155872199243,0.0807409820202156,-0.0138423234584519,8.068532131764507e-08,42.05067097965856,1.7860897991340607,-0.4015091624680913,0.1210912464316589,10.765401394985604,6
2016-05-14 11:23:30,39,-0.0332340403789501,-0.7733671944073706,-0.088291836865336,0.0586385180629786,0.036351301395509,-0.0262333749661703,-1.5372524456102038e-07,42.1342076227373,2.0092018359074637,-0.033234054917651,-0.7733671981405585,9.718356833275022,6
2016-05-14 11:23:30,40,0.1869975539816479,-0.9626503582543222,0.2522048758313167,0.1086117766640175,0.0106665924923393,0.0211812302386511,-4.276481209968904e-08,42.07746656649575,1.9936507694822327,0.1869975587393351,-0.962650449530698,10.0588558085234,6
2016-05-14 11:23:30,41,0.133754963997724,-1.1305481744620685,0.4915213400282298,0.0686985413937539,-0.0155636968261209,0.0134858835115203,-6.232424924264148e-07,41.959880112727376,2.022688982827703,0.1337549384543201,-1.1305483761170976,10.298171226952883,6
2016-05-14 11:23:30,42,-0.1953783625993388,-0.7846426070375401,0.9132841377186508,0.0014425607316751,-0.0288469016956079,0.0151663156574583,-3.61552728073934e-07,42.08098388889006,2.079343297385744,-0.1953783431443838,-0.7846428211592666,10.719933205886818,6
2016-05-14 11:23:30,43,-0.4649671519156921,-0.9791389772054088,0.5016530271375075,-0.0536318011422629,-0.0134065791200324,0.0070743829911721,-5.114433944833973e-08,42.18417053593665,2.069990381807546,-0.4649671757915783,-0.979139192612033,10.308304505391067,6
2016-05-14 11:23:30,44,-0.3353291556322411,-0.0178892684500517,0.5155642573185633,-0.1549194937341168,0.0283183047404672,0.04169405427274,3.1199306249618604e-07,42.15507925058506,1.9556077359510324,-0.3353291307652775,-0.0178893368492865,10.32221375403361,6
2016-05-14 11:23:30,45,-0.3668910334757012,-0.1599587128823776,-0.3949606161681391,0.0399580728520672,-0.0060410042695803,-0.0310487818940591,5.162140468553552e-07,41.98236691868124,2.01169584190701,-0.3668910256509736,-0.159958772180035,9.411688160604898,6
2016-05-14 11:23:30,46,-0.3589609621155301,-0.5177790383807235,0.1404981401460467,0.2061956129099384,-0.0530661050643102,0.0077192838631179,2.153422113279859e-07,41.96154952509215,1.8754199033802632,-0.3589609515178811,-0.5177787047237032,9.947148503054663,6
2016-05-14 11:23:30,47,-0.2708306344991893,-0.7351030481594032,0.7255253097188326,0.1882797948188803,-0.0091516759174291,-0.0187396767891081,-2.0397865042394545e-07,42.02718854155771,1.7579103289172051,-0.2708306713920585,-0.7351030300022474,10.532176858205036,6
2016-05-14 11:23:30,48,0.1155311764182513,-0.3124752142355285,0.8662726554467599,0.034601748486174,0.0770236386341474,-0.0352661986477023,-2.51991655297425e-07,41.92742605024606,1.7735998261415835,0.1155311675429224,-0.3124750472780029,10.67292306161917,6
2016-05-14 11:23:30,49,0.3800944570247253,-0.7263368350151449,-0.3485381856460243,-0.0628643253679613,0.0349085209166604,0.0020984043185454,-3.105960786342621e-07,42.04944209009409,1.7243178002536297,0.3800944765982397,-0.7263370729617855,9.458111017956869,6
2016-05-14 11:23:31,0,0.3356113060199757,-0.3865964172980911,-0.02431346249675,-0.063695166662238,-0.0175820347536614,0.0492921907438129,2.470333129167557e-07,42.04064376093447,1.806513326242566,0.335611354036603,-0.3865960612182797,9.78233714652576,6
2016-05-14 11:23:31,1,0.1660300899066207,-0.2260150576014521,0.7327096037939754,0.1618593746186139,-0.0021798656049087,-0.0098014810885011,-1.2659334710666113e-07,42.14323325097865,2.041179551296316,0.1660300885210179,-0.2260153287681673,10.539361735972273,6
2016-05-14 11:23:31,2,0.0185954925822159,-0.6891794553739659,0.624679503326721,0.1433416789275974,-0.0248862290871444,0.0212827869874154,2.981372633758857e-07,42.29259550100078,2.1605695310828037,0.018595522466083,-0.6891796662242795,10.43133106298275,6
2016-05-14 11:23:31,3,-0.1879172318726452,-0.0917495698453344,0.8987579715407664,0.0715989837839281,-0.0266113868337993,0.022004408264797,-3.0828677878087985e-08,42.55030192670469,2.2961485256650014,-0.1879172244951076,-0.091749653899092,10.705408356621287,6
2016-05-14 11:23:31,4,-0.4214372800561164,-0.455497395382854,0.5456450669200772,0.1130527466323163,0.0083916405492473,-0.0127282642785174,-1.1375440018517636e-08,42.65762589826268,2.224921598878442,-0.4214372857644868,-0.4554974657640014,10.352294498803994,6
2016-05-14 11:23:31,5,-0.2267015955156244,-0.778978917890232,0.0721243868091763,0.0196162387879444,0.050430730357217,-0.0125640116209832,1.899612953468249e-07,42.62611286754587,2.241029976814871,-0.2267015742555615,-0.7789790967682392,9.87877433481205,6
2016-05-14 11:23:31,6,0.1499716976274756,-0.8601951596831898,0.1235601633700262,0.026345197852475,0.0750201926087641,-0.0127810113744977,-1.800374831168022e-07,42.733924977063225,2.49827975624393,0.1499716630926204,-0.8601955050772794,9.93021257654248,6
2016-05-14 11:23:31,7,0.2249693515143221,-0.7387862863971905,0.148866425841215,0.062730511367896,0.051844890606293,-0.0212525540323728,-3.157516143151691e-07,42.82766033283301,2.278143551799336,0.2249693534482293,-0.738786448828408,9.955518071035833,6
2016-05-14 11:23:31,8,-0.140909391146836,-0.1773481613907041,0.1182730359495169,-0.0271072628175258,-0.0900338614207678,0.0633017027509746,2.321464066602748e-07,42.58739323644158,2.233694121170295,-0.1409093555252962,-0.1773480202029275,9.924923651301471,6
2016-05-14 11:23:31,9,-0.9464494814851124,0.1097314773456923,0.1588640886135081,0.0078109477319719,-0.1397878378293579,0.0303338511591164,3.0571138676331814e-07,42.394717654441386,2.182190148810837,-0.9464494588814706,0.1097316617023847,9.965515035215535,6
2016-05-14 11:23:31,10,-0.6295948904765488,-0.6851094356368607,0.518198762232783,0.1672591295739727,0.0992883234501271,-0.0404711742582838,-1.8036772249912805e-07,42.24955681833077,2.4179319883411634,-0.629594851798988,-0.6851094536620977,10.324849863409591,6
2016-05-14 11:23:31,11,0.6766380057228234,-1.49736118060309,0.4898837695694411,0.0410220897892843,0.2129579395284663,-0.0928692641775671,6.832866644372756e-08,41.94614419918888,2.484379913866976,0.6766380457978732,-1.4973612074924978,10.296534430388649,6
2016-05-14 11:23:31,12,1.2340343651389745,-0.7394186541040529,-0.0957051214358695,-0.1853222959409025,0.076343241435811,-0.0119938052030401,1.4623665079778586e-07,41.80758712509153,2.539471917500605,1.234034366485414,-0.7394186059426439,9.710945552343782,6
2016-05-14 11:23:31,13,0.6603378774658953,0.3452528487141888,0.1449420699223589,-0.0788462718181247,-0.0686828347913738,0.0377671062116097,-2.959467546672237e-07,41.85684469954244,2.6629228264245453,0.6603378438719314,0.3452528812188037,9.95159107022848,6
2016-05-14 11:23:31,14,-0.2008360871663698,-0.0910162094956807,0.9315657816037736,0.071928282933689,-0.0738161515067436,0.0256153983248798,-3.527051636150901e-07,41.83064364429032,2.7533422606731093,-0.2008361506749125,-0.0910162527394026,10.738215450126264,6
2016-05-14 11:23:31,15,-0.5086184933551232,-0.9318591215482094,1.099507535794363,0.0142201208199775,0.0250452720588973,0.0189726100813509,-5.854502776447622e-08,41.772015204177976,2.817033871324087,-0.5086185507725105,-0.9318592419328466,10.90615729480271,6
2016-05-14 11:23:31,16,-0.0555140596968438,-1.073537494047729,0.4837801656682006,-0.0980489173403864,0.1426844898076323,-0.0104765202236844,1.2267799097664352e-07,41.88487796920675,2.696382924344163,-0.0555140514801183,-1.0735375839602763,10.29042864205261,6
2016-05-14 11:23:31,17,0.5967888153912655,0.0780431382449803,0.2478714685293299,-0.0855793045742896,0.0892265818645035,-0.0045903677360229,-4.1738456609296335e-08,41.8620391513164,2.370976983726368,0.5967888266746766,0.0780430186979239,10.054522979311663,6
2016-05-14 11:23:31,18,0.3130778767242661,-0.2318533932445378,-0.3426683937003804,0.0118972806647677,-0.0417378650657746,0.0366554613189494,5.670519051503121e-07,41.71825491279668,2.2436350621425607,0.3130779401460031,-0.2318533761026262,9.46398174004724,6
2016-05-14 11:23:31,19,0.1405086913835113,-0.4628407362104297,0.9570906211462928,0.1571559648704181,-0.0055585558803786,0.0291529653458674,-5.044632268195249e-07,41.89191033400367,2.4116472670504328,0.1405086696224866,-0.4628407439542137,10.763743296329146,6
2016-05-14 11:23:31,20,0.0007425794175273,-1.4597682803658574,0.4995042887394559,-0.0183063169240995,0.0690670325229778,0.0012432034642344,-1.590827251879529e-07,41.80953401334736,2.061944213030594,0.0007425494617825,-1.459768234996465,10.3061562968924,6
2016-05-14 11:23:31,21,0.0092455822264787,-0.1241220345239862,0.539839011723888,-0.1867941558124283,0.0426375792600634,0.0034004225456718,4.295060145003485e-07,41.82948188483715,1.9297019611445392,0.0092456157361753,-0.1241219107279616,10.346490187235592,6
2016-05-14 11:23:31,22,0.0171584886016934,0.0961378559876857,-0.1423933273154101,-0.0564524803046241,0.081910810798426,0.0060285756062066,-3.3760443329817714e-09,42.03996687718877,1.784391356784166,0.017158495252338,0.0961380940783535,9.664256572113157,6
2016-05-14 11:23:31,23,0.136605710985125,-0.274894751552777,-0.1630881729856716,0.0466264083227513,0.0331828581101482,0.009734214216147,-1.0634183275456534e-08,42.04043717925646,1.9152216635910528,0.1366057038839151,-0.2748949117791728,9.643563054363073,6
2016-05-14 11:23:31,24,-0.1266353994439582,-1.1145352553546473,0.1194736483712001,0.1861182843874682,-0.0011674232790339,0.0530599591215939,1.3501563926740778e-07,42.19071591179818,2.083560210334289,-0.126635370181415,-1.1145353837094103,9.926125556029486,6
2016-05-14 11:23:31,25,-0.4280742868076235,-1.32408775559508,0.8554087056980281,0.0710545997945136,0.0002953992529613,-0.0296809455461655,1.09627595817553e-07,42.392933263880565,2.219254943000495,-0.4280743085770211,-1.3240877968282414,10.662058899139192,6
2016-05-14 11:23:31,26,-0.0586411096153463,-0.2808997582459239,0.353355400877852,-0.1845268821477557,0.1058913037805972,0.0193683319032861,1.1463345465611193e-07,42.67951188745851,2.436281974147055,-0.0586411390389982,-0.2808996235642842,10.160005355150492,6
2016-05-14 11:23:31,27,0.1594119135597493,0.0773531775274567,-0.6678420509602087,-0.123851125226196,0.0838287258273393,-0.0189668311481041,1.8683946406354704e-07,42.80940692944034,2.2987567214390303,0.1594118956475399,0.0773534241849196,9.138811153893156,6
2016-05-14 11:23:31,28,0.2747920637409362,-0.2083605551304196,0.0658295794688909,0.1481667983553398,0.0479683740886616,-0.0024393844134451,2.803613564797797e-07,42.835660750844646,2.763459948556764,0.2747920673497071,-0.2083605330729925,9.872479606313206,6
2016-05-14 11:23:31,29,0.090135439556751,-1.898360276130561,0.0835647627846591,0.17798367361514,0.0122587193747058,0.009023834893614,8.38617965274927e-08,42.9013099776847,2.6577089979997552,0.0901354548842543,-1.898360286681671,9.890216572447816,6
2016-05-14 11:23:31,30,0.0024233933905072,-1.6445037512460716,0.3828633074090191,-0.025974343011164,0.0332311749192736,-0.0018993244835564,-9.516596185917762e-08,42.71681992797068,2.6184576656146694,0.0024233593704371,-1.6445035384880753,10.18951445198591,6
2016-05-14 11:23:31,31,0.3224283757228477,-0.3584900849006314,0.3293625718160851,-0.1258688135747784,0.1034647889815072,-0.0060075140374915,3.7488347033457205e-07,42.93941908704155,2.371160151741031,0.3224283784632686,-0.3584900358541224,10.136012882026565,6
2016-05-14 11:23:31,32,0.2593004606195188,-0.1867941178523927,-0.2010698786802042,-0.0180630914230032,0.0561883077180605,0.0093538836041316,1.890774892300967e-07,42.86389515461514,2.2826451948102635,0.2593004878302595,-0.1867940579983079,9.6055803111748,6
2016-05-14 11:23:31,33,-0.1443280532789254,-0.5619620269993936,-0.0632763545432575,0.0740600281271148,-0.0337282074607276,0.0441168610980386,6.106340003256825e-08,42.73283309995063,2.3816405626926187,-0.144328055675899,-0.5619619380797326,9.7433751861866,6
2016-05-14 11:23:31,34,-0.6811854245387472,-0.5938896861580907,0.4164611812439531,0.0792002159082645,-0.0372862388427388,0.0262181987222935,1.567758011574666e-07,42.68314380875352,2.330956039180487,-0.6811854799883417,-0.593889607785791,10.223112747580604,6
2016-05-14 11:23:31,35,-0.6970828450845874,-0.8344232586903257,0.5287995938955764,0.0665425169389353,0.0483119832742919,-0.0203182883291376,1.3703746455057552e-08,42.60222768783569,2.102851982228459,-0.6970828727872216,-0.8344230808489923,10.335450818598204,6
2016-05-14 11:23:31,36,-0.0849151348739591,-0.7465670934358617,0.5911153635741434,0.0244780514617753,0.144769402634466,-0.0622736777039276,6.028460528777577e-07,42.436562159687895,2.000185749408009,-0.0849151128759775,-0.7465670609067112,10.397766710640576,6
2016-05-14 11:23:31,37,0.5724033201329262,-0.5817175852851721,-0.043007166877389,-0.0383006925835274,0.1352189933424366,-0.0398747649755401,2.42395706626834e-07,42.41268257367215,1.9989761750841015,0.5724033769916635,-0.5817176672261437,9.763644675588266,6
2016-05-14 11:23:31,38,0.7096765690104938,-0.3900592849069337,0.2661875283244455,0.0692576753309985,0.036742381439644,-0.0303055413209919,-3.9032394332544885e-08,42.064893690261,2.1420681216487925,0.7096766211352397,-0.39005929163884,10.072839176206909,6
2016-05-14 11:23:31,39,0.137868143123672,-1.2115564436378057,0.6937339185694624,0.1398768143407623,-0.0600750503793906,-0.0031029997123212,8.124126387494126e-08,42.14210134151639,2.304265490619047,0.1378681554222409,-1.211556515676357,10.50038463421652,6
2016-05-14 11:23:31,40,-0.5304892153581501,-1.3844985869535535,0.9959913225270344,-0.0214429087384061,-0.033802101493694,0.0182967536126374,7.591229312274033e-08,42.19970970251122,2.264879689209772,-0.5304892022335068,-1.3844985585182208,10.802642349970286,6
2016-05-14 11:23:31,41,-0.0684309308488358,-0.4216343171220937,0.6691654182267393,-0.1338629839988989,0.1685157623851151,-0.0410534536963649,5.237073922643845e-07,42.12558375580274,2.109488166488555,-0.068430879647004,-0.4216344293911147,10.475816712050436,6
2016-05-14 11:23:31,42,0.9885755675951738,1.0170535568101158,-0.0293787693438028,-0.13219302179404,0.2359713983462499,-0.0350623415819064,2.7686058144484185e-07,41.99415840102094,2.193388370930084,0.9885755798774916,1.0170536196093745,9.777273327181232,6
2016-05-14 11:23:31,43,0.8705337379464557,1.437426705091054,-0.6276984715028536,-0.1155688614001189,-0.0049873232402447,-0.0111293343573556,-4.8808905543114505e-08,42.06886878837736,2.3383315702976315,0.8705337294607371,1.437426871352947,9.178951458518712,6
2016-05-14 11:23:31,44,-0.0250026205129464,0.7743067572754683,-0.4604569986468722,0.0262208629716957,-0.1158222097654126,0.0881792418310199,1.4044201875827688e-07,42.08155522103973,2.55655340982449,-0.0250025770311203,0.7743067885484802,9.346193077057675,6
2016-05-14 11:23:31,45,-1.2570992763830722,-0.4773083300699725,0.3593908754812087,0.028673201823393,-0.1167430904142999,-0.0116891232212572,5.909027911874708e-07,42.02394001824516,2.52098834878594,-1.2570992377554189,-0.4773083786426486,10.166042889264295,6
2016-05-14 11:23:31,46,-0.704416131901181,-0.1198597118043594,-0.0262444141251646,-0.1909099129223894,0.1709467208531646,-0.0438189241742089,1.1214596808564867e-07,42.307692788826415,2.28864275926382,-0.7044161428314093,-0.1198595756463161,9.78040741324953,6
2016-05-14 11:23:31,47,0.5206632574234109,1.294904776535556,-0.0312928444040894,-0.1377488681032663,0.154654710080806,-0.101987005093353,2.987454740368504e-07,42.272458710612696,2.146106640751265,0.5206632335626127,1.2949051845010748,9.77535916246952,6
2016-05-14 11:23:31,48,1.121254890251188,0.441097619151663,0.1651872818524372,0.158703885930753,0.1110451651890064,-0.0263192570263992,-4.269068642538403e-07,42.3734323019732,2.167684429439203,1.121254894653237,0.441097626662168,9.971837579874364,6
2016-05-14 11:23:31,49,0.3741826096767431,-0.9837457714086276,0.6446538176877175,0.052513938829855,-0.1142872969450192,-0.0179429359477989,9.73232090473175e-08,42.509167063981295,2.211932205595076,0.3741825827943383,-0.983745803295868,10.451305177237863,6
2016-05-14 11:23:32,0,-0.6571025085674798,0.6150303802148223,1.4861583678062829,-0.2065619971141724,-0.2040079324046142,0.0419851331594358,5.23286871612072e-07,42.56397937051952,2.1810180991888046,-0.6571024376541708,0.6150307022611905,11.292808976970448,6
2016-05-14 11:23:32,1,-1.566048369098776,-0.2417519206506636,-0.2699959461992413,-0.1041862656509334,-0.0687335129018857,-0.0146603191955131,1.3886209653348334e-07,42.67664762544541,1.9011012565496623,-1.5660483548004411,-0.2417518564174832,9.536653496245128,6
2016-05-14 11:23:32,2,-0.5596377741564649,-0.188859078394196,0.4978642450166005,0.0737836996995686,0.1331996903126552,-0.1378038785088138,6.197856701150235e-07,42.87177630994773,1.9958161099538287,-0.559637767371072,-0.1888591294496974,10.30451440898968,6
2016-05-14 11:23:32,3,1.0565691938152766,-0.8960938096094677,0.1268284114567712,0.054195577180673,0.2628677583607395,-0.0869690589554099,-1.328797744853178e-08,42.92026423440524,2.0876453663079944,1.0565691809131366,-0.8960937343392728,9.933477700587078,6
2016-05-14 11:23:32,4,1.509312596631159,-0.9854847902566995,-0.0700746641574997,-0.1193381401553971,-0.0314602939608737,-0.1081223516433193,-6.462998536168312e-07,42.706712634891886,2.0690336947386365,1.5093124523641328,-0.98548489329116,9.73657461751534,6
2016-05-14 11:23:32,5,0.4248841557032953,-0.25620573833008,-0.3531371040248917,-0.1835646995161128,-0.1570821784738686,0.0904221964112173,1.3372794325862605e-07,42.591103070548606,2.0053478588103038,0.4248841312728326,-0.2562058122491066,9.453513619746408,6
2016-05-14 11:23:32,6,-1.2867967684422514,-0.242503865819888,-0.1182255402958747,-0.0850368169515362,-0.2838189272372472,0.0112259970127997,8.226049189665075e-08,42.52193545880822,1.7315902025723946,-1.286796775250104,-0.2425038625872893,9.68842618796952,6
2016-05-14 11:23:32,7,-1.781982686605358,-0.4679408862540131,0.5005882254468653,0.0663811488578181,-0.0370273991507443,0.004192079033916,-2.5810939925056205e-08,42.50246491163437,1.8512847677006248,-1.7819826725604873,-0.4679410950557612,10.307239618518516,6
2016-05-14 11:23:32,8,-0.4966352131999175,-0.4620189026186193,1.2961614658903458,0.0612644316374604,0.1522489806807152,-0.1581432101044229,2.1811479664578773e-07,42.40150933235656,1.8902211140470615,-0.4966352218392988,-0.4620189819219329,11.102814027965504,6
2016-05-14 11:23:32,9,1.0547178416209106,-1.359576119541603,-0.1679214771328628,0.0294650225354318,0.2419269536601603,-0.1457198444879988,8.78389240527638e-08,42.36487139056304,1.843125227929036,1.0547178555642265,-1.3595760205904233,9.638731029527465,6
2016-05-14 11:23:32,10,1.8028329214476588,-1.4445992774790457,-0.3394953509188059,0.0761478419543207,-0.0105618339830551,-0.0640923558726024,1.8907273758430904e-07,42.23858409002423,1.7951319302071114,1.8028330151187768,-1.4445994113542149,9.467156863906856,6
2016-05-14 11:23:32,11,0.5322676846533729,-0.7721500370298394,0.4776944268578352,0.0732388835873075,-0.2213804395572216,0.022073742920939,2.326999733946761e-07,42.18143302924475,1.6333308429457247,0.5322676756025815,-0.7721499129689117,10.284345522691051,6
2016-05-14 11:23:32,12,-0.7446194463698641,-0.3988208720691961,1.0537616160241747,0.004130377532198,-0.2296391909874865,0.0030290748523933,-2.4503524586254015e-07,42.2364688030235,1.6801453617648507,-0.7446194383663212,-0.3988206833227878,10.860411270385883,6
2016-05-14 11:23:32,13,-1.0457822130972012,-0.2575454464189212,0.6188812038650221,-0.0516252525783187,-0.0156697703524193,-0.0219741846006249,-1.0654140187769277e-07,42.121470750195485,1.9070106517970185,-1.0457821680123924,-0.2575455960599286,10.425531917358942,6
2016-05-14 11:23:32,14,-0.2307086455037465,-0.8830115488041146,-0.0628123073092811,-0.0092975213798035,0.1455058947540647,-0.1242444690263663,9.627547115087517e-08,42.05333190570985,2.141801992630852,-0.2307086251415848,-0.8830117450835431,9.743839229705625,6
2016-05-14 11:23:32,15,0.8963913777926176,-0.9657601409498904,-0.2880278233072022,0.0383970998296908,0.1443328226201176,-0.0595385826962683,-2.674796447461951e-07,42.156943463359255,2.3657660569558487,0.896391424202572,-0.965760339306026,9.518623645834127,6
2016-05-14 11:23:32,16,1.1897582259465287,-1.044038150763411,-0.326954314060809,0.09300501743827,0.0001918127999564,-0.0471003697672014,-2.2705976984330442e-07,42.41100938618183,2.2038405596905823,1.1897582478550088,-1.04403826762687,9.47969595818151,6
2016-05-14 11:23:32,17,0.9410810622053865,-0.7300251908264263,0.3688643450651164,0.158575406930871,-0.0876835302426203,0.0332543536360173,-2.085877468391339e-07,42.15919772588781,2.2841882536007208,0.9410810444539948,-0.7300251741916715,10.175514498680544,6
2016-05-14 11:23:32,18,0.1379245206795455,-0.7532012312990988,1.2376363140987745,0.096672166893328,-0.1318932076260725,-0.0142262191304368,3.5949051380157534e-07,42.23094366764536,2.297449492564311,0.1379245198024467,-0.7532012628183453,11.04428731780848,6
2016-05-14 11:23:32,19,-0.1234962939714944,-1.1749640352801085,0.7531393837081012,-0.0653122495268715,0.0370591194381061,-0.0163527690183255,-3.14653984137944e-08,42.44724103055742,2.420469910908985,-0.1234962747366839,-1.1749642870599155,10.559790296695285,6
2016-05-14 11:23:32,20,0.1617303808351688,-1.3801364042150277,0.1264637202485192,-0.1080387727832381,0.1000450755553445,-0.0140930772757099,-1.951215826735204e-07,42.57881081271536,2.2306649681579858,0.1617303772103094,-1.3801366712485228,9.933114503681832,6
2016-05-14 11:23:32,21,0.503930792523938,-1.159621238937325,0.3822457141726382,-0.0230594616468013,0.0751197252179961,-0.0155458752320115,1.8792759094918672e-08,42.867217047672185,2.1874573518788174,0.5039308176413733,-1.1596211363534967,10.188896085384368,6
2016-05-14 11:23:32,22,0.5469863434208848,-1.495083902561798,0.6788275293040005,0.090599395305753,0.0278534837606609,0.0020716100815397,-1.5725571738214072e-08,42.98375040646263,2.0932734101269475,0.5469863641451407,-1.495083931504868,10.48547863836379,6
2016-05-14 11:23:32,23,0.2846278379622706,-1.9756560701385852,0.8207614806214267,0.0879163982026051,-0.0101091971778065,0.0159533127453061,4.880272840358772e-07,42.825095109603545,1.859845818295999,0.2846278455380316,-1.9756561930245853,10.627412619578283,6
2016-05-14 11:23:32,24,0.0163831998394949,-2.0276969856073097,0.4383228622775559,-0.0471486253788123,0.01196229731415,0.0247175059171211,-6.346773280172684e-08,42.90685731548892,1.7302429391717438,0.0163832228694812,-2.0276968734051204,10.244973919244789,6
2016-05-14 11:23:32,25,-0.1054373938050114,-1.3265294758881172,-0.0214318479458088,-0.1265402390502856,0.0585795537011162,0.0123533317658681,-8.083499815999347e-08,43.08987297980609,1.3140819052291342,-0.1054373868095685,-1.3265294594657595,9.785219236039977,6
2016-05-14 11:23:32,26,0.0676241184606416,-1.176147235106562,-0.1667756990325882,-0.0579991150095789,0.103248388640207,-0.0067175935702729,1.932969506906334e-08,43.119276930901165,1.0657951785061432,0.0676241272744444,-1.1761474612354943,9.639874073976724,6
2016-05-14 11:23:32,27,0.0609650449118216,-1.6757392373985676,-0.1448370568290794,-0.0292692510059673,0.029433103117706,0.0258631086451554,-4.746133879739389e-07,43.04464866494647,1.1099635196317512,0.0609650225986199,-1.6757393425625606,9.66181320682545,6
2016-05-14 11:23:32,28,-0.5386836850501555,-1.0194905458814243,0.0355881042258952,-0.0530187876078909,-0.095294874495485,0.0387891877858218,9.679102471896498e-08,43.04533091799489,0.9448857397240202,-0.5386837027860156,-1.0194905588514276,9.842238000366471,6
2016-05-14 11:23:32,29,-1.0088861823882729,0.1032767377775311,0.3301492204762268,0.0220647063150405,-0.0846291041358012,0.0064669570002325,2.517659521224086e-08,42.89115598212396,0.8303624373499536,-1.0088861643996174,0.103276872152818,10.136799337203756,6
2016-05-14 11:23:32,30,-0.7362848180879304,-0.7278754145758259,0.4585875122814252,0.228316388392871,0.0699807282662358,-0.0675313729972749,2.919696271419481e-07,43.04724954494408,1.026804247776007,-0.7362848044658745,-0.7278755064913675,10.265238529700476,6
2016-05-14 11:23:32,31,0.1976748144342898,-1.8023669336272472,0.3930098808067553,0.1578937005538469,0.179781143967699,-0.1063367206026416,-2.3886048215992565e-07,42.97089594747035,0.9244145113138532,0.1976747860852241,-1.802366889371938,10.199660256657037,6
2016-05-14 11:23:32,32,1.0043028206538782,-0.8983741941208316,-0.0735329396750753,-0.082516257466687,0.1048957833690618,-0.0214288636060297,8.394827648084926e-07,43.02296440656849,0.8167555650259011,1.0043028233307416,-0.8983737924353676,9.733116655209203,6
2016-05-14 11:23:32,33,0.6583012067675975,0.330420731785189,-0.947550265872482,-0.0897336110109961,-0.0994099084595328,0.0393168629241373,-4.0624433254101276e-07,42.771755033457765,0.9453242634974268,0.6583011860338505,0.3304209786978279,8.859102222833442,6
2016-05-14 11:23:32,34,-0.5187311048847608,0.2021234774074645,-0.9828393792266732,0.0482412768875892,-0.1979763092827582,0.0667091071294966,3.801126565252049e-07,42.94534204837543,1.1651414977576655,-0.5187310857524058,0.202123618462389,8.823812013827373,6
2016-05-14 11:23:32,35,-1.1915121382556475,-0.2879245181714335,0.5981580565432267,0.1864113744511648,-0.0820565846643096,0.0046595914489565,-2.7527234383992044e-07,43.2177869072184,1.2959017323862223,-1.191512093886679,-0.2879245414485804,10.404807616914557,6
2016-05-14 11:23:32,36,-0.6743396221985354,-0.3461097901603593,1.261073972084093,0.0061648354174489,0.0992355997358804,-0.0758519176589997,7.75896240862041e-08,43.15724655567688,1.4571172775016454,-0.6743396010649929,-0.3461096160911016,11.06772446881433,6
2016-05-14 11:23:32,37,0.3408815944553971,-0.0998433206252972,0.4195304295429619,-0.1494110560079498,0.175048517225256,-0.0832437888355089,4.614418258472388e-07,43.04217135385439,1.2150380378494003,0.3408816556338906,-0.0998433259272597,10.22618077849008,6
2016-05-14 11:23:32,38,0.562055041225527,0.4255650471223287,-0.1747275813995641,-0.1352073923996075,-0.0390054839192334,-0.0315307317315395,1.496388291826045e-07,42.89675027740245,1.1649198902732865,0.5620550628978966,0.4255649620074959,9.631922292173154,6
2016-05-14 11:23:32,39,-0.2999015268116772,0.2830923446552678,0.5814893321899637,0.0746361451062545,-0.2000043985682595,-0.0048500727140062,-2.716088249367109e-07,42.87665403014695,1.5110521986747956,-0.2999015092230581,0.2830922064546833,10.38814063087892,6
2016-05-14 11:23:32,40,-1.0002881347936414,-0.9452179942643358,1.221599775885439,0.2298257680930413,-0.0846477505061355,-0.0204300223811812,3.5873500212114765e-07,42.86025198587045,1.5241026188798097,-1.0002881226302007,-0.9452182017215808,11.028250178597462,6
2016-05-14 11:23:32,41,-0.7051106991205606,-2.414662552866882,0.459622887921589,0.0982583247765262,0.0533989231868571,-0.0878056027520718,-5.0562262839201794e-08,42.798281363268586,1.3906220594915202,-0.7051107291375829,-2.414662593346529,10.266274069657635,6
2016-05-14 11:23:32,42,0.1306751414716697,-1.8226542628241995,-0.2809224478466096,-0.1172588616467794,0.0964606225895337,-0.0994313959656707,-2.483637737376347e-07,42.66613539946931,1.2010682307715927,0.1306751434230457,-1.822654743106392,9.525726828498769,6
2016-05-14 11:23:32,43,0.7297050096149033,-1.1280214049324044,-1.892953392863192,-0.0888001099224471,0.062817090087402,-0.040203897939326,-5.1317774519627976e-08,42.36780632960097,1.0251213332818707,0.7297050283143788,-1.1280216438544424,7.913694630018154,6
2016-05-14 11:23:32,44,0.6770464721495792,-1.2803264728145047,-1.1595480202732438,0.239084138265874,-0.0743541066967123,-0.0543206444796924,2.1705517963487247e-07,42.42604215492551,0.9094370997187736,0.6770464829352286,-1.2803267145839698,8.647102274114651,6
2016-05-14 11:23:32,45,0.1154594122080988,-2.504338352206102,0.662678015461123,0.3028688403127378,-0.1367470808122649,-0.0160898296604269,1.7210698629520305e-07,42.68471019084052,1.1073905100276198,0.115459408953072,-2.504338121601445,10.46932984413922,6
2016-05-14 11:23:32,46,-0.6181226421188243,-2.886342653366279,1.2173952912042931,-0.0883788897489607,-0.1216227466446829,0.0084295545087933,1.2734410714129933e-07,42.6764962842916,0.6632808423814915,-0.6181226841817721,-2.886342732724844,11.02404508879178,6
2016-05-14 11:23:32,47,-0.661757182528712,-1.1617229426806135,0.4886916709263574,-0.2958485876745804,-0.015234182746142,-0.0168419708825518,-2.461970232579175e-07,42.76082875815277,0.355122488398314,-0.6617572807658572,-1.1617229271214211,10.2953449768889,6
2016-05-14 11:23:32,48,-0.5713149491585622,-1.3408975678356252,-1.5296058663662,-0.1710978836059877,0.0319350720958372,-0.0518580686008051,2.487201471717984e-07,42.9220041138481,0.3032339343002875,-0.571314946864011,-1.3408975106360794,8.277046159151938,6
2016-05-14 11:23:32,49,-0.1408395170271301,-2.040647999699691,-0.8112771040350402,0.1747978857914661,0.031091288900435,-0.0875751404150917,-4.386529326438904e-07,42.98927042633295,0.434348102658987,-0.1408395166561096,-2.0406478266877275,8.995372635083177,6
2016-05-14 11:23:33,0,0.3114001786904339,-3.1054066948803154,0.256548411295924,0.2329640830864167,0.0152869468094392,-0.0947071306290818,-4.563480615615845e-08,42.87402041442692,0.2123692948371172,0.3114001212809931,-3.1054067746443508,10.063201163692824,6
2016-05-14 11:23:33,1,0.3588232375412872,-3.3643091703722963,0.8326042385569408,0.1078617221409852,-0.041329213116046,-0.0380744609066016,-4.5053679876181554e-07,42.81177624780685,0.0578098216459953,0.3588231824737207,-3.364309146917824,10.639255323830923,6
2016-05-14 11:23:33,2,0.1656241057724088,-2.863654477894343,0.1126137668569355,-0.0711721920617111,-0.0283022177789321,-0.0071946844636425,-1.7071712990196377e-07,42.80420520536754,-0.3171181608114998,0.1656240948482512,-2.8636542826093176,9.919265669249157,6
2016-05-14 11:23:33,3,0.0428917735127374,-2.070682057648671,-0.9047998480502268,-0.2471813972088137,-0.0094822533278733,0.0143042219892665,-2.0053845887281466e-07,42.49062134654319,-0.4222799140974232,0.0428917642146453,-2.0706820722059005,8.90184881205728,6
2016-05-14 11:23:33,4,-0.0442885589196393,-1.9085038964468264,-1.160722747461735,-0.1009436773550885,0.0202868477159998,-0.0105541322036248,2.4640134402683865e-07,42.71844061610422,-0.5458921042356487,-0.0442885493984128,-1.9085040428703064,8.645928353929595,6
2016-05-14 11:23:33,5,-0.3146880242183156,-2.6752496647794364,-0.3581198400972335,0.1462413530410227,-0.0690351282094172,-0.0207671890042402,-2.0365553851030442e-07,42.63163732653674,-0.6587317135774207,-0.3146880428899106,-2.6752494018201043,9.448531923181276,6
2016-05-14 11:23:33,6,-0.577518999211307,-3.84981299451766,0.1903872726102622,0.1176829852764235,-0.0406360390394378,0.0073535106626534,1.7010891924099138e-07,42.481733609561104,-0.9801973798549828,-0.5775189715969831,-3.849812993860538,9.997038393254432,6
2016-05-14 11:23:33,7,-0.2743433701350355,-3.202901813548237,0.5031161567413007,-0.0499082024882734,0.0524809902645139,-0.0489150378108424,-1.709974770035062e-07,42.4333245053089,-1.452276153789301,-0.2743433258708725,-3.20290161601374,10.309769051322906,6
2016-05-14 11:23:33,8,0.4689737070998454,-2.5986025241656785,-0.6616087944118437,-0.084003242977192,0.12073160727918,-0.0491124912228376,-1.3737958304736108e-07,42.50813971146257,-1.4023210118187364,0.4689737283962207,-2.59860242250494,9.145042582039714,6
2016-05-14 11:23:33,9,0.5650534026658196,-1.894996270855402,-0.9194892415885636,-0.0766137761009496,0.0164396276522071,-0.0008536733870595,-2.343891834726152e-07,42.4357457366981,-1.768699252802156,0.5650533580735537,-1.894996413366333,8.887162169698838,6
2016-05-14 11:23:33,10,-0.0880970782582064,-2.919278346578199,-0.7386301029681386,0.1463143174118006,-0.1086482500774171,0.0194733809606588,-2.8890006396240396e-09,42.24858476267177,-1.6435067729017103,-0.0880970357813266,-2.9192785913236525,9.06801854637584,6
2016-05-14 11:23:33,11,-0.7159756508270458,-3.9292567387363326,0.3033659610299521,0.1686873779239534,-0.0850369053285144,0.0277876947307763,-2.466674361910141e-07,42.4942998038985,-2.055548028795913,-0.7159756147174305,-3.929256494932476,10.110018959797952,6
2016-05-14 11:23:33,12,-0.8197467766072499,-2.9877835292572508,0.1794847498864453,-0.1310436892074379,0.0170478604238817,-0.0098065668864597,-3.135183407944097e-07,42.414237910083365,-2.309392493702851,-0.8197468470409,-2.9877836308626016,9.986133953139896,6
2016-05-14 11:23:33,13,-0.1019536588944509,-1.0776448519533313,-0.729245643097481,-0.1195608053053599,0.0878549337352893,-0.0178712442111311,-4.461225198239724e-07,42.27335307482935,-2.695031451650572,-0.1019537077684835,-1.0776446772437742,9.077405831138682,6
2016-05-14 11:23:33,14,0.1215647908765191,-1.063112143366805,-0.3967431242540344,0.2197686851045777,0.0008360551173022,-0.0553243384791579,3.76287581665176e-07,42.199344456994105,-2.322666582884267,0.1215647653025868,-1.0631123209746225,9.409907456174013,6
2016-05-14 11:23:33,15,0.0689876014409982,-2.348731950624484,0.1425266468174986,0.1532924118921185,0.0433208629495678,-0.008942989690174,-1.5148721939447e-07,42.24680963493123,-2.0540044317805988,0.068987547116496,-2.348731775276488,9.949175857065343,6
2016-05-14 11:23:33,16,-0.1168712059827967,-2.672546539835165,-0.3781921565108065,-0.1042579749930176,-0.0164505337296412,0.0095739611206125,1.8532368905690522e-07,42.17393600226057,-2.527180801031692,-0.1168711739551668,-2.672546525649261,9.428458148567646,6
2016-05-14 11:23:33,17,-0.1019351793148608,-2.02848772482466,-1.0977827252353969,-0.0493144254709596,0.02169905520418,0.0230601301170772,8.609982169404376e-09,42.20740006324285,-2.743209304619457,-0.1019351630040685,-2.028487666054636,8.708868176045739,6
2016-05-14 11:23:33,18,-0.3348272442920432,-2.645240504308341,-1.388877661607029,0.0922343176703552,-0.0419624723891445,0.001654661870654,1.3392038491307342e-07,42.35827989336484,-3.124727755115006,-0.3348272543054182,-2.645240371200181,8.41777288821922,6
2016-05-14 11:23:33,19,-0.4077969604452356,-1.9170743482230908,-0.919888814184086,0.0016353740449082,-0.0232824466285871,0.0350072430997255,-2.7146152391727826e-08,42.04582199682387,-3.167802506868908,-0.4077969877679788,-1.9170744124266823,8.886761633093961,6
2016-05-14 11:23:33,20,-0.3075802628292274,-0.8769027981686128,-0.3115521766179077,-0.0210458176034156,0.0167820378526446,-0.0173025417277959,-4.0769120868368064e-08,42.104027507028405,-3.3308602355643915,-0.3075802654522608,-0.8769025856201464,9.495100584764913,6
2016-05-14 11:23:33,21,-0.1820226943925709,-1.843001284049808,-0.6114517972288414,-0.005745488274215,0.1016596292015677,-0.0517335769252701,4.6898743935996126e-08,42.09908098408154,-3.2831294034341614,-0.1820226813157741,-1.8430014038690548,9.195196177185029,6
2016-05-14 11:23:33,22,0.0819341553959276,-2.593832271427157,0.1254454886883551,0.1034976703689685,0.0411648115322476,-0.0528214771096167,-2.783704168942511e-07,42.226690214659484,-3.8337315135892025,0.0819340967183901,-2.593832432775531,9.932097947911062,6
2016-05-14 11:23:33,23,0.1282251704074255,-2.8743823827136907,-0.140593377571502,-0.0756033785762137,-0.0052360303045826,0.0482270145496725,3.6613331461439473e-07,42.09597001247565,-4.154037417986486,0.1282251743611961,-2.874382471286946,9.666057429074586,6
2016-05-14 11:23:33,24,-0.2747859775385657,-1.9699240199444696,-0.606162133511494,-0.1607081225930428,-0.008440331417874,0.0212712985615805,2.2950449160168426e-08,42.18827155027159,-4.331689198805513,-0.2747859390881748,-1.969924046626364,9.200487275742892,6
2016-05-14 11:23:33,25,-0.4243852689420473,-2.3470559608101125,-1.2632659611222508,-0.0586291235810308,0.0265108145719929,0.0171578969448366,2.397490399224403e-07,42.03152198728402,-4.50629552288399,-0.4243852476108054,-2.347055698131149,8.543383870904318,6
2016-05-14 11:23:33,26,-0.5137271555493683,-2.211670480656254,-0.6091563784412733,-0.026676237474497,0.0025478676040958,0.0100666782915419,1.1782180898043477e-07,41.89915319252759,-4.408576844090224,-0.5137271806279404,-2.2116708449218536,9.197495498575172,6
2016-05-14 11:23:33,27,-0.3672680728653823,-1.5390398716382023,-0.1157332576965206,0.0536019129660629,0.0486283699116487,-0.0316903087113664,2.517516971850854e-07,41.925030147466735,-4.376523439183223,-0.3672680927136742,-1.5390398766376745,9.690915000493227,6
2016-05-14 11:23:33,28,-0.0824819255441653,-2.328811752780876,-0.4530260592114949,0.0221408413570775,0.0648170631763287,-0.0409398432842562,-1.5965529850539752e-09,41.624806613262216,-4.367708750102403,-0.0824819076073115,-2.328811681478517,9.353624771028548,6
2016-05-14 11:23:33,29,0.5639759867920198,-2.782164898025682,-0.4432139844054297,0.0432171508513305,0.0963521631075318,-0.019315779140076,-2.675295370269759e-07,41.69771535686996,-4.604037819475372,0.5639759967906716,-2.782164961043508,9.363436131108708,6
2016-05-14 11:23:33,30,0.7065525485154183,-2.2751820881485223,-0.1817869364573016,-0.0458502151002098,0.0733905250821356,0.0097784950977589,-1.8833623248704045e-07,41.528229656420194,-4.626906201319427,0.7065524805117636,-2.275182067259204,9.624864129085708,6
2016-05-14 11:23:33,31,0.31520108637344,-0.9577977363051176,-0.2581198559422612,-0.1514122514457191,0.0156320515317596,0.0495967753486401,1.095990859428257e-07,41.48468459542004,-4.72999275912179,0.3152011204374734,-0.9577974721069502,9.548529734426417,6
2016-05-14 11:23:33,32,-0.6463537654036084,-0.9945687253933616,-0.8724771881248328,-0.0792785922924116,-0.0895067566662743,0.0517165005940536,1.0975113860806645e-07,41.5251242809986,-4.861995161035839,-0.6463537795300471,-0.9945689617909288,8.934174075426846,6
2016-05-14 11:23:33,33,-1.4344544850781986,-2.942048737894652,-1.0037865186879742,0.2164425989973918,-0.0464707846349078,0.0674643681039537,-1.3355925983312024e-07,41.82330348954669,-4.86602999563614,-1.4344545058092928,-2.942048621232836,8.802863447754412,6
2016-05-14 11:23:33,34,-1.0029958422934424,-2.764134994335645,0.6178702975859967,0.2497197871232384,0.0894879296062769,-0.1092624907385461,-1.5570430503207904e-07,41.778213245870205,-5.070862842638197,-1.0029958800471723,-2.764134985919707,10.424521332960826,6
2016-05-14 11:23:33,35,0.3230649320706718,-1.2863926973466198,0.5470435629185166,-0.0496194956475395,0.2608893517443001,-0.1600878133573556,-8.055940270423783e-08,41.72433941186007,-5.288910591342885,0.3230649546682578,-1.2863927238041977,10.353694821284623,6
2016-05-14 11:23:33,36,1.1687945543235418,-1.01830225479425,-1.0961761073970848,-0.1891758545697966,0.1190568589664076,-0.0783090855489081,4.323047338699801e-07,41.93019075680296,-5.80822448078923,1.1687945260357804,-1.018302384743503,8.710473423704824,6
2016-05-14 11:23:33,37,0.9211184481468956,-1.7796736692602977,-1.6849527036899463,0.0754787899617209,0.013420213927814,0.1103861871037045,1.505321385909099e-08,41.88780706717956,-5.990321094246239,0.921118406660872,-1.7796737070795388,8.12169962471507,6
2016-05-14 11:23:33,38,-0.1173105179568541,-1.852707536035453,-0.6577919984012293,0.0546985652452421,-0.1160737145452039,0.1112182527646529,-4.1954181328111517e-07,41.82727563103698,-6.222632481552641,-0.1173104916259464,-1.8527073846511088,9.14885960644804,6
2016-05-14 11:23:33,39,-1.0540026035792351,-0.8165084703630754,0.3623089930313128,-0.0503352925299896,-0.004335538961074,0.0645204076933876,-6.218003679295089e-08,41.89275727930422,-6.08146398290469,-1.0540026000819471,-0.8165087387258865,10.168959900340504,6
2016-05-14 11:23:33,40,-0.6538679754225303,-1.3449230622531,-0.5092258359157769,-0.0482850807438829,0.1109536839956183,0.0092501799727227,3.854273723400226e-07,41.69432280300072,-5.973566058186851,-0.653867971910266,-1.3449229922641486,9.297423475646124,6
2016-05-14 11:23:33,41,-0.2231851074482485,-1.846465694163636,-1.7237602619316377,-0.0833261713785365,0.0933562506393499,0.009169344722553,-2.58676033010891e-07,41.650971157419285,-5.910532556697535,-0.2231850738224138,-1.8464658321655167,8.082891073832442,6
2016-05-14 11:23:33,42,0.0127147629782422,-0.6928266403267125,-0.84393985658565,0.0891411478960001,0.0595483396576682,-0.0161949420756474,1.4528632164001602e-07,41.6708477662344,-5.765067137844328,0.0127147811313097,-0.6928267171633875,8.962711691129181,6
2016-05-14 11:23:33,43,-0.0211996422152918,-0.7298835557762104,-0.4608672172025911,0.0830834616917013,0.0317527488246909,0.0011434265573823,-3.296394870445345e-07,41.76276525499642,-5.474764827087673,-0.0211996434120322,-0.7298837039109385,9.345783637256083,6
2016-05-14 11:23:33,44,-0.3245202549171582,-1.6115158454227398,0.1162949576491418,0.1444719793931246,0.0093241170004417,-0.0281591936679512,-4.399097429550383e-07,41.74343366920949,-5.23228953031785,-0.3245202408449703,-1.6115158887274172,9.922944073599202,6
2016-05-14 11:23:33,45,-0.4029291044204015,-1.7239473908581378,0.4224843805259946,-0.0356032564131996,0.0161900390547837,0.0657826185491995,-1.8376514923815566e-07,41.68532486921366,-5.276064726571571,-0.402929087668503,-1.7239474096364384,10.229134203944051,6
2016-05-14 11:23:33,46,-0.4468549156562647,-0.7442559474865496,-0.0693986958025765,-0.2652633529995236,0.081991850797804,-0.0491062084425967,2.54618127507206e-07,42.03735902242134,-5.231656545478544,-0.4468549348071704,-0.7442559372462627,9.737254957764987,6
2016-05-14 11:23:33,47,0.1624658625348791,-0.2987947159790065,-0.7761567506434719,-0.1512841152776459,0.1382362128181936,0.0120479950980767,1.8116481108020494e-07,42.097325209737285,-5.4763843909010514,0.1624658508559777,-0.2987947630552838,9.030495745633957,6
2016-05-14 11:23:33,48,0.0518104725941288,-1.8177304509930623,-0.6361215590514732,0.1053882796172716,0.0321262867684367,0.0066349583485084,-1.0387097694435987e-07,42.05565472321623,-5.668059653673815,0.0518104847765268,-1.8177303916263048,9.17053022602801,6
2016-05-14 11:23:33,49,-0.1664031633792353,-2.067051022351679,0.3661930732941711,0.0713065820008515,0.0361847070088001,0.0083130072992466,-3.3585820347070694e-07,42.0438943291083,-6.12261458998546,-0.1664031742467072,-2.0670510159262485,10.172844303740469,6
