AccX,AccY,AccZ,GyroX,GyroY,GyroZ,Class,Timestamp,Classe
0.75819385,-0.2177906,0.45726347,0.0,0.0,0.0,AGGRESSIVE,818922,1
0.6675599,-0.03861046,0.23141575,-0.054367006,-0.0077121737,0.22525656,AGGRESSIVE,818923,1
2.7244492,-7.5841208,2.390926,0.023823744,0.01366811,-0.038026363,AGGRESSIVE,818923,1
2.33095,-7.6217537,2.5290236,0.05681047,-0.18058704,-0.05207626,AGGRESSIVE,818924,1
2.8472152,-6.7556214,2.22464,-0.03176499,-0.03520111,0.035277467,AGGRESSIVE,818924,1
0.44222856,-1.6468334,0.06529236,-0.01038471,-0.024205536,0.0010690142,AGGRESSIVE,818925,1
0.2383908,0.029413342,0.33282852,0.0012217305,-0.015042556,0.023060163,AGGRESSIVE,818925,1
0.0434494,0.22891134,0.35466862,0.070249505,0.050320026,0.07742717,AGGRESSIVE,818926,1
-0.095363855,-0.027441323,-0.039779663,0.040927973,-0.010155635,0.1366811,AGGRESSIVE,818926,1
0.27051997,-0.07373035,0.0030345917,0.0036651916,-0.0077121737,0.2576324,AGGRESSIVE,818927,1
0.5129715,0.1584896,0.2572117,0.040927973,-0.005879578,0.33215797,AGGRESSIVE,818927,1
0.3643882,0.23400217,-0.8731127,0.09040806,0.052763484,0.41218132,AGGRESSIVE,818928,1
-0.9127637,-0.3456328,0.83376026,0.0580322,-0.02603813,0.3669773,AGGRESSIVE,818929,1
0.030257344,0.041704893,0.77029896,0.06291912,-0.022983804,0.19837849,AGGRESSIVE,818929,1
-0.31680942,2.2246227,1.0167103,-0.04337143,0.07047858,0.09636399,AGGRESSIVE,818930,1
-0.5736394,1.895479,0.25301552,0.002443461,0.019165898,0.00045814895,AGGRESSIVE,818930,1
-0.28935122,-0.04953766,-1.1415176,-0.04153884,-0.048640147,-0.06429356,AGGRESSIVE,818931,1
0.009707689,-2.3025599,-1.537632,-0.03176499,-0.10667235,-0.06734789,AGGRESSIVE,818931,1
0.102754354,2.4496293,-0.08904934,0.019547688,0.00022907447,-0.08628472,AGGRESSIVE,818932,1
0.32079172,0.3934636,0.31927872,-0.02443461,-0.0016035213,-0.059406646,AGGRESSIVE,818932,1
-0.27107072,0.3166343,-0.23188591,-0.0,0.023441954,0.0096211275,AGGRESSIVE,818933,1
0.57089114,0.9929113,0.02962017,0.02687807,-0.029703323,0.035888333,AGGRESSIVE,818933,1
-0.29090226,-0.60320604,-0.59682846,0.04642576,-0.025427265,0.018784106,AGGRESSIVE,818934,1
-0.3893243,-0.072393,0.15493965,0.009162978,-0.0046578473,0.02611449,AGGRESSIVE,818934,1
-0.18269825,0.5305991,0.08667374,-0.027488936,-0.025427265,-0.04841107,AGGRESSIVE,818935,1
0.87477255,-0.18502605,-0.07058811,-0.004276057,0.07231117,-0.04841107,AGGRESSIVE,818936,1
-0.43971384,0.46315426,-0.66686726,0.004886922,-0.011377365,-0.023365596,AGGRESSIVE,818936,1
0.18210125,-0.16286528,-0.16554546,0.01160644,0.03810272,-0.021533,AGGRESSIVE,818937,1
-0.37785566,0.023731947,0.8001833,0.004886922,0.022220224,-0.0025961774,AGGRESSIVE,818937,1
0.26729798,-0.83977634,-0.38885117,-0.014660766,0.03443753,-0.025198191,AGGRESSIVE,818938,1
-0.74608386,-1.1472193,0.007487297,-0.007941248,0.0008399397,-0.023365596,AGGRESSIVE,818938,1
0.05382228,0.4766457,-0.056230545,-0.02076942,0.0008399397,-0.030695979,AGGRESSIVE,818939,1
0.14207172,-0.64231193,0.6090803,-0.0,0.02649628,-0.027641652,AGGRESSIVE,818939,1
0.029505014,0.10766506,0.49456882,0.004886922,0.016111571,-0.00870483,AGGRESSIVE,818940,1
0.010455728,0.19506311,0.7586765,-0.018325957,-0.014431692,0.01695151,AGGRESSIVE,818940,1
-0.10675931,0.46166867,-0.20333004,0.023823744,0.008781188,0.0022907446,AGGRESSIVE,818941,1
-0.33768082,-0.35907316,-0.58811665,-0.01038471,0.0032834008,0.012064588,AGGRESSIVE,818942,1
-0.4406935,-0.6665633,0.2986803,0.03726278,0.0075594573,-0.004428773,AGGRESSIVE,818942,1
1.1014359,0.7269268,0.057224274,0.012217305,-0.017486017,-0.012370021,AGGRESSIVE,818943,1
0.24783754,0.09656301,0.45060062,0.017715093,-0.010155635,-0.018478673,AGGRESSIVE,818943,1
0.06939864,-0.0015867352,0.041068077,-0.005497787,-0.0077121737,-0.019700404,AGGRESSIVE,818944,1
-0.26347494,0.529738,-0.28295517,-0.004886922,-0.014431692,-0.042913284,AGGRESSIVE,818944,1
0.6024556,1.0922241,0.22054768,-0.034208454,0.024663685,-0.025809057,AGGRESSIVE,818945,1
0.07136154,0.29595637,0.14425755,-0.018936822,0.022831088,-0.036193766,AGGRESSIVE,818945,1
0.4757583,-0.087142825,0.18193054,-0.03970624,0.021609358,-0.001985312,AGGRESSIVE,818946,1
0.69397044,-0.36016142,0.39312267,-0.0030543262,-0.004046982,0.0035124752,AGGRESSIVE,818946,1
-0.3389696,-0.19042885,0.12000656,0.06414085,0.01366811,0.008399397,AGGRESSIVE,818947,1
-0.7697774,0.018310905,-0.10904884,-0.019547688,0.013057245,0.030390546,AGGRESSIVE,818947,1
-0.13248551,0.00749892,-0.5088415,0.004886922,0.015500706,0.021227567,AGGRESSIVE,818948,1
-0.121494055,0.97876084,-0.64531994,-0.0061086523,0.0026725354,0.01817324,AGGRESSIVE,818949,1
0.1619637,-0.42168716,0.7636738,-0.02565634,0.012446379,0.031612277,AGGRESSIVE,818949,1
-0.2985927,-0.20289266,0.18541336,-0.0067195175,0.022831088,0.055436023,AGGRESSIVE,818950,1
0.26385355,1.0475075,-1.2421827,-0.01038471,0.0020616702,0.012064588,AGGRESSIVE,818950,1
-0.18363321,0.56479466,0.11718845,-0.017104227,-0.021762075,0.011453724,AGGRESSIVE,818951,1
0.976215,0.17441356,0.6118784,-0.00061086525,-0.011377365,-0.0032070426,AGGRESSIVE,818951,1
0.06310606,-0.35474473,0.16901398,-0.010995574,0.013057245,-0.00076358154,AGGRESSIVE,818952,1
0.7406641,0.37146646,0.6689844,0.008552114,-0.029703323,-0.0025961774,AGGRESSIVE,818952,1
0.45681942,0.08794737,-0.11210728,-0.0030543262,0.03443753,-0.00076358154,AGGRESSIVE,818953,1
0.5394548,-0.11338341,0.5558491,-0.009773844,-0.021762075,0.00045814895,AGGRESSIVE,818953,1
0.078572154,-0.10179007,0.44670486,-0.0,0.017944166,0.01450805,AGGRESSIVE,818954,1
0.012563586,0.13923752,0.19380856,0.020158553,-0.0046578473,0.06154467,AGGRESSIVE,818954,1
0.5173269,0.78517073,0.7356615,0.0036651916,-0.00038179077,0.12812899,AGGRESSIVE,818955,1
0.17355144,-0.4140643,1.1663599,0.028099801,-0.02603813,0.13607024,AGGRESSIVE,818956,1
0.058745444,-0.03410983,-0.20303154,0.04886922,-0.028481591,0.12996158,AGGRESSIVE,818956,1
-0.17477626,-0.21894467,-0.83653736,0.0067195175,-0.04192063,0.111635625,AGGRESSIVE,818957,1
0.14694023,0.13400173,0.80677795,0.15760323,0.2140319,0.18677205,AGGRESSIVE,818957,1
1.9521787,-2.9816866,2.0186596,0.19058995,0.41500658,0.010231993,AGGRESSIVE,818958,1
1.0315782,1.8825753,1.3218498,0.013439035,0.10529789,0.043829583,AGGRESSIVE,818958,1
0.1700803,-0.14438453,0.080685616,-0.022602014,-0.005879578,0.0071776668,AGGRESSIVE,818959,1
-0.8629459,-0.8557696,1.2502985,-0.058643065,0.020387627,0.034055736,AGGRESSIVE,818959,1
-1.0720084,-0.48935017,-0.6920185,-0.007330383,-0.021762075,0.034055736,AGGRESSIVE,818960,1
-0.5453603,0.18243611,1.0835781,-0.023823744,-0.020540344,0.039553523,AGGRESSIVE,818960,1
1.4842383,-0.056272328,1.9137402,-0.02076942,-0.16165021,0.04505131,AGGRESSIVE,818961,1
-0.22956502,-0.44724312,-0.26157188,-0.015882496,-0.030925052,0.031612277,AGGRESSIVE,818961,1
-0.43674183,-0.16641623,0.68302727,0.034208454,0.02649628,0.01572978,AGGRESSIVE,818962,1
0.14355183,1.39119,-0.4286232,0.032375857,0.033826664,0.0022907446,AGGRESSIVE,818963,1
0.62044287,0.18831033,-0.56846905,-0.018325957,0.020998493,0.013897184,AGGRESSIVE,818963,1
-0.2853893,-0.17019475,0.24317455,0.04520403,-0.085292056,-0.019700404,AGGRESSIVE,818964,1
-0.7017499,-0.624388,-0.76911354,0.044593163,0.1895973,0.011453724,AGGRESSIVE,818964,1
0.9910469,-0.8525612,0.68788815,0.004886922,0.045433104,0.020005837,AGGRESSIVE,818965,1
-0.05385995,-0.7801539,0.10535431,0.03848451,0.012446379,0.0053450707,AGGRESSIVE,818965,1
-0.48959172,0.20456597,0.0057735443,0.08368854,0.34292448,0.039553523,AGGRESSIVE,818966,1
-0.8123882,1.0566648,-0.76250553,0.059864793,-0.08407033,0.04444045,AGGRESSIVE,818966,1
-1.2224029,0.005064808,1.1553516,0.07391469,0.044211373,0.06887506,AGGRESSIVE,818967,1
-1.4801195,-0.58561325,-1.8792753,-0.05009095,-0.12072224,0.07009678,AGGRESSIVE,818967,1
-2.0269077,-1.6317173,-0.24301624,-0.040927973,0.057039544,0.05665775,AGGRESSIVE,818968,1
-1.039784,-2.8241036,-0.61830235,0.050701816,0.03504839,0.0364992,AGGRESSIVE,818969,1
1.0572593,-0.29291117,1.2690954,0.0061086523,-0.07124216,0.005955936,AGGRESSIVE,818969,1
0.49398613,0.43986762,0.27573395,0.023823744,0.020998493,0.015118915,AGGRESSIVE,818970,1
-0.84938484,-0.539847,-0.22183704,0.012217305,0.014278975,0.08109236,AGGRESSIVE,818970,1
-0.40280306,-0.2102632,-0.15731716,0.0580322,0.06375906,0.18982637,AGGRESSIVE,818971,1
-1.3313351,-0.28705412,0.38027096,0.07086037,-0.041309763,0.17516561,AGGRESSIVE,818971,1
0.11231473,-0.2612759,-0.27245712,0.04886922,-0.06085745,0.17577648,AGGRESSIVE,818972,1
0.16910136,-1.0090933,-0.20718479,0.022602014,-0.044974953,0.1647809,AGGRESSIVE,818972,1
0.02441883,-0.25096774,-0.032253265,-0.0012217305,-0.048640147,0.062155537,AGGRESSIVE,818973,1
0.9903791,-1.1994785,-0.49906063,0.018936822,0.23846652,0.022449298,AGGRESSIVE,818973,1
0.96638954,-0.5313511,-0.23504448,-0.023823744,0.013057245,-0.008093964,AGGRESSIVE,818974,1
1.6635046,-3.2514997,-1.3943243,0.043982297,0.17249307,-0.0038179078,AGGRESSIVE,818974,1
-0.020573974,-0.24634004,0.042918205,0.012217305,0.008781188,0.07192938,AGGRESSIVE,818975,1
1.0482498,0.33195382,-0.6767492,0.01038471,-0.08407033,0.03894266,AGGRESSIVE,818976,1
3.5333176,0.56834763,0.15670967,0.028710667,0.10590876,-0.052687127,AGGRESSIVE,818976,1
1.4037586,0.28415456,0.83772564,0.07880162,0.123623855,-0.05207626,AGGRESSIVE,818977,1
2.3728786,0.57135105,-0.024133682,0.13805555,-0.21479549,-0.037415497,AGGRESSIVE,818977,1
2.4279275,0.042193413,-1.2560091,0.028710667,-0.18975002,-0.08445212,AGGRESSIVE,818978,1
0.9131018,0.23308593,-0.35344124,0.05497787,-0.061468314,0.021227567,AGGRESSIVE,818978,1
-0.2513622,-0.46324402,1.4690399,-0.06047566,-0.03214678,0.037110064,AGGRESSIVE,818979,1
0.9116926,2.0535505,1.0482016,0.004886922,-0.13477215,0.05971208,AGGRESSIVE,818979,1
0.83006525,1.4769192,-0.11259937,-0.020158553,0.06009387,0.0071776668,AGGRESSIVE,818980,1
-0.22786403,1.0347781,2.3271666,-0.05009095,-0.016875152,0.01817324,AGGRESSIVE,818980,1
0.10380995,0.48592928,0.27172852,-0.06963864,-0.032757647,0.020005837,AGGRESSIVE,818981,1
-0.68381107,1.2107053,-0.7016945,0.048258353,0.16088663,0.0096211275,AGGRESSIVE,818981,1
0.42324996,0.03720942,-0.35112,0.014049901,0.006337727,0.01572978,AGGRESSIVE,818982,1
-0.26360226,-1.6975005,-0.4239235,-0.005497787,0.037491854,0.016340645,AGGRESSIVE,818983,1
0.94606876,-1.0427777,-0.7679539,-0.047036625,-0.035811976,0.0041233404,AGGRESSIVE,818983,1
-0.18351388,-1.9361479,-1.6836653,0.023823744,-0.04192063,-0.017256944,AGGRESSIVE,818984,1
-0.8393153,-0.37363392,0.16396618,-0.018325957,0.13034338,0.0010690142,AGGRESSIVE,818984,1
0.93189335,-0.23534518,0.8176584,-0.0,0.037491854,0.015118915,AGGRESSIVE,818985,1
-0.4238448,0.3713829,-1.1281548,0.02321288,-0.047418416,0.005955936,AGGRESSIVE,818985,1
0.554111,-0.27458924,0.6832657,-0.015271631,0.006337727,-0.027641652,AGGRESSIVE,818986,1
0.51920795,-1.2295983,1.1400785,-0.016493361,0.041157044,-0.05207626,AGGRESSIVE,818986,1
-0.76183677,-0.9372469,-1.2165794,0.053145275,0.027718011,-0.0062613687,AGGRESSIVE,818987,1
-0.26214957,-0.2102976,-0.40655518,0.03970624,-0.0388663,-0.0355829,AGGRESSIVE,818987,1
0.1708312,0.141442,0.6636152,0.014660766,0.02405282,-0.02275473,AGGRESSIVE,818988,1
-0.76246345,-1.0539246,-0.07795048,-0.008552114,0.049098294,0.008399397,AGGRESSIVE,818988,1
-0.19671917,0.021021426,0.049783707,-0.004886922,-0.056581393,-0.029474247,AGGRESSIVE,818989,1
-0.8951907,-1.4657695,1.2969189,0.106901415,0.016111571,-0.0777326,AGGRESSIVE,818990,1
-0.2779882,-1.5940562,0.5332804,-0.017715093,0.060704734,-0.05207626,AGGRESSIVE,818990,1
-0.7790127,-0.6299118,-0.18198204,0.0061086523,0.022220224,0.043218717,AGGRESSIVE,818991,1
-1.5744271,-0.59718823,-1.190321,-0.016493361,-0.10239629,0.10308351,AGGRESSIVE,818991,1
-1.450267,0.22013795,2.8125906,-0.047647487,-0.104228884,0.123242065,AGGRESSIVE,818992,1
-0.32125974,-0.7453157,2.1730633,-0.059864793,-0.14760031,0.05665775,AGGRESSIVE,818992,1
1.3916359,0.3532653,-1.2460766,-0.06414085,-0.09323331,-0.06490443,AGGRESSIVE,818993,1
1.0146766,-0.33296943,-2.3505502,-0.045814894,-0.025427265,-0.07284568,AGGRESSIVE,818993,1
0.21977329,-0.7528477,-1.762958,0.032375857,0.057650406,-0.085673854,AGGRESSIVE,818994,1
-1.1238433,-0.15481888,0.72077656,0.058643065,-0.1653154,-0.12293663,AGGRESSIVE,818994,1
1.0330117,-1.8874344,-1.7188368,-0.057421334,0.45898888,-0.039858956,AGGRESSIVE,818995,1
2.405455,0.4435111,-1.357029,-0.08307768,0.091248,0.012675454,AGGRESSIVE,818996,1
-1.6940821,-0.43237686,-0.12851906,-0.059253927,-0.035811976,-0.001985312,AGGRESSIVE,818996,1
0.7214632,-0.28116286,0.5593605,0.04886922,-0.099952824,-0.031306844,AGGRESSIVE,818997,1
0.21742582,-0.35237408,-0.50524807,-0.06352998,-0.022983804,-0.038026363,AGGRESSIVE,818997,1
-0.053925037,0.6185436,3.025981,0.008552114,0.3600287,-0.0777326,AGGRESSIVE,818998,1
-0.07155275,-0.3631128,-0.22459507,-0.016493361,0.033826664,-0.08811731,AGGRESSIVE,818998,1
-0.6060456,-1.3218378,2.9759388,-0.05375614,-0.17692184,-0.07223482,AGGRESSIVE,818999,1
1.0228584,0.14753759,-0.25420856,-0.019547688,0.14805846,-0.09483683,AGGRESSIVE,818999,1
-0.7787572,0.2496357,1.6427069,-0.04520403,-0.10789407,-0.007483099,AGGRESSIVE,819000,1
-0.2908697,-1.9010257,0.34481525,-0.1685988,-0.2868776,-0.06307184,AGGRESSIVE,819000,1
-1.2232757,-1.8400444,-1.3135338,-0.03604105,-0.008933905,0.04138612,AGGRESSIVE,819001,1
-1.6413047,-0.9089011,0.6358805,-0.030543262,-0.02115121,0.03894266,AGGRESSIVE,819001,1
-0.08093381,-0.5902848,0.26229095,0.035430185,0.0051159966,0.011453724,AGGRESSIVE,819002,1
-0.42395997,0.30856013,0.56691456,0.00061086525,-0.014431692,0.010842858,AGGRESSIVE,819003,1
0.06728649,-0.68649,0.174469,0.015882496,0.05642868,0.007788532,AGGRESSIVE,819003,1
0.5211928,0.8274815,1.9646463,0.02565634,-0.026648996,-0.004428773,AGGRESSIVE,819004,1
-0.38405144,1.387459,1.4735928,-0.0018325958,0.010002919,-0.001985312,AGGRESSIVE,819004,1
1.5800602,1.5329783,0.11480045,0.020158553,0.10529789,-0.0154243475,AGGRESSIVE,819005,1
-0.81782854,0.77017903,1.2974119,-0.0067195175,-0.030925052,0.04505131,AGGRESSIVE,819005,1
-0.9288802,1.1833581,-0.24490452,0.0030543262,-0.040698897,0.03283401,AGGRESSIVE,819006,1
0.16993344,0.762242,-1.1252632,0.014660766,-0.02603813,0.033444874,AGGRESSIVE,819006,1
0.6530907,-1.3877306,-0.45069313,0.050701816,0.028328875,0.056046885,AGGRESSIVE,819007,1
-0.47682357,-0.6164055,-0.35845566,0.0018325958,-0.093844175,0.055436023,AGGRESSIVE,819007,1
-0.23163927,0.5172365,-0.9954624,0.047647487,0.087582804,0.0804815,AGGRESSIVE,819008,1
0.048311114,0.27338833,-0.38556385,0.023823744,0.071700305,0.08659015,AGGRESSIVE,819008,1
-0.16682851,-0.56834245,0.44791603,-0.0030543262,0.053985216,0.04505131,AGGRESSIVE,819009,1
1.2749629,1.3084296,0.14286995,-0.015882496,0.061926465,-0.012370021,AGGRESSIVE,819010,1
0.9488416,0.23931617,0.20616055,-0.007330383,0.008781188,-0.10277808,AGGRESSIVE,819010,1
1.1782587,-0.13668986,-0.3609028,0.025045475,0.14928019,-0.12721269,AGGRESSIVE,819011,1
-0.9983144,0.8151301,-4.3429418,0.03176499,-0.00038179077,-0.11866058,AGGRESSIVE,819011,1
1.5796099,-0.4212503,-0.1752863,-0.052534413,0.02893974,-0.101556346,AGGRESSIVE,819012,1
1.028064,0.08217955,-0.9824228,-0.11056661,-0.13965906,-0.046578474,AGGRESSIVE,819012,1
-0.52536297,0.023317337,-0.123402596,0.0061086523,0.11629347,-0.02031127,AGGRESSIVE,819013,1
-0.061337948,-0.031157345,-0.5594559,0.009162978,0.06375906,-0.054519724,AGGRESSIVE,819013,1
-1.5263793,-1.24536,0.023827553,0.00061086525,0.21036673,0.03894266,AGGRESSIVE,819014,1
-0.040887594,-0.75438803,0.07017231,0.04520403,-0.120111376,0.012675454,AGGRESSIVE,819014,1
-0.49718213,-0.9314513,2.6542406,0.08979719,0.20792326,0.16539176,AGGRESSIVE,819015,1
-1.8854432,-1.0389255,0.11800289,0.09040806,-0.16042848,0.09208794,AGGRESSIVE,819015,1
-2.1407442,-0.07929325,-3.0064063,0.015271631,-0.26977336,0.04932737,AGGRESSIVE,819016,1
-2.2906175,-1.6155488,-1.0248919,0.02565634,0.010002919,0.11102476,AGGRESSIVE,819017,1
-2.5924153,-0.2284297,-1.0140924,0.08307768,-0.00038179077,0.0786489,AGGRESSIVE,819017,1
-3.178716,0.25869521,-0.5365162,0.11362094,-0.1109484,0.0346666,AGGRESSIVE,819018,1
-1.1258302,0.21217825,-0.04200363,0.012217305,0.11568261,0.10552697,AGGRESSIVE,819018,1
-0.8995898,0.06343505,-1.2571831,0.014049901,0.005726862,0.117744274,AGGRESSIVE,819019,1
-0.021832705,-0.7257838,1.3351202,0.009162978,0.025274549,0.08475755,AGGRESSIVE,819019,1
0.14557838,1.1396226,1.600152,0.11728613,0.0045051314,-0.07040222,AGGRESSIVE,819020,1
0.41136682,0.14364487,-0.47502327,0.06047566,-0.07185303,0.00045814895,AGGRESSIVE,819020,1
-0.03932315,-2.7280836,3.045969,-0.0036651916,-0.10606148,0.043218717,AGGRESSIVE,819021,1
-1.0271504,-1.9874259,1.0098095,-0.021380283,-0.23617578,0.030390546,AGGRESSIVE,819021,1
0.78540623,0.3563553,0.086961746,0.019547688,0.29222265,0.12385293,AGGRESSIVE,819022,1
-0.40510052,-2.494523,-0.23671341,0.03970624,0.0045051314,0.1049161,AGGRESSIVE,819023,1
0.031846166,0.79388046,0.62526226,-0.050701816,-0.2514474,0.13118331,AGGRESSIVE,819023,1
0.26665163,-0.14538229,1.5463552,-0.06414085,-0.0016035213,0.08353582,AGGRESSIVE,819024,1
0.9203849,-1.1915574,-1.3310995,0.002443461,0.016722437,0.010842858,AGGRESSIVE,819024,1
-0.13908637,-0.29896188,-0.038341522,-0.005497787,0.16455182,0.023060163,AGGRESSIVE,819025,1
2.6708164,-1.5467374,-0.61101913,-0.06658431,0.14194982,0.013897184,AGGRESSIVE,819025,1
0.00044691563,0.42452496,-1.0806427,0.06169739,0.09002627,0.02855795,AGGRESSIVE,819026,1
1.0462834,-1.9327908,0.5800953,0.105068825,0.0051159966,-0.03680463,AGGRESSIVE,819026,1
-0.04984045,-2.2802892,-1.1371202,0.04886922,0.022220224,-0.036193766,AGGRESSIVE,819027,1
1.1424426,-0.4442621,0.5359278,-0.0580322,0.0075594573,0.069485925,AGGRESSIVE,819027,1
1.2970436,0.35168278,1.961051,-0.051923547,-0.10056369,0.0047342055,AGGRESSIVE,819028,1
-0.48300183,-1.0240326,-0.63576317,-0.03848451,-0.19219348,-0.02397646,AGGRESSIVE,819028,1
0.79909,0.34773117,-0.11156559,-0.005497787,0.072922036,0.034055736,AGGRESSIVE,819029,1
1.4846977,0.22454488,-1.1650267,0.030543262,0.045433104,0.01817324,AGGRESSIVE,819030,1
0.92358303,-0.9599839,-0.276618,0.03176499,0.025885414,-0.030085113,AGGRESSIVE,819030,1
0.20993102,-1.4861299,-0.8609476,0.06963864,0.11018482,0.02367103,AGGRESSIVE,819031,1
0.45029378,-1.9356265,-0.29985237,0.013439035,0.019165898,-0.061239243,AGGRESSIVE,819031,1
0.49307132,-1.9352696,-0.1132555,-0.028099801,-0.0028252518,-0.04230242,AGGRESSIVE,819032,1
-0.078835964,-0.6174686,0.56222534,0.032375857,0.11262828,-0.0038179078,AGGRESSIVE,819032,1
-0.38192284,-2.9704652,1.7837029,-0.02443461,-0.16653714,-0.0025961774,AGGRESSIVE,819033,1
0.3970493,-2.008388,-1.0533009,0.084910266,0.27695104,0.11285736,AGGRESSIVE,819033,1
0.25251973,0.07053873,-1.7635036,0.089186326,-0.09628764,0.048716504,AGGRESSIVE,819034,1
-0.39492202,-0.3083685,2.1502638,-0.06414085,-0.3131448,-0.012370021,AGGRESSIVE,819034,1
1.2894516,0.61974436,1.1580782,0.09162979,0.065591656,-0.0013744468,AGGRESSIVE,819035,1
1.6734303,0.747247,2.2794256,0.03359759,0.10529789,0.021227567,AGGRESSIVE,819035,1
-0.04231119,-1.7347405,0.05086708,0.06841691,-0.1408808,-0.07040222,AGGRESSIVE,819036,1
1.2475479,-0.8044581,0.0065689087,-0.10934488,-0.19402607,-0.13332134,AGGRESSIVE,819037,1
1.8576652,-0.7360358,-0.52632904,-0.06414085,-0.09323331,-0.18891008,AGGRESSIVE,819037,1
3.6638012,-0.18345332,-3.2835717,-0.06536258,-0.052305337,0.057268616,AGGRESSIVE,819038,1
2.3871427,-0.825648,5.4968557,0.040317107,0.2598468,-0.26526824,AGGRESSIVE,819038,1
0.40452623,-0.40467373,3.2721071,-0.08002335,-0.10667235,-0.09911288,AGGRESSIVE,819039,1
0.47927403,-0.16223955,-1.4082661,-0.059864793,-0.015042556,-0.20723604,AGGRESSIVE,819039,1
2.403956,-0.020383954,-1.461833,0.029321533,0.03810272,-0.10216721,AGGRESSIVE,819040,1
1.7494936,-0.19559512,0.20617008,-0.09407325,-0.1427134,-0.20662516,AGGRESSIVE,819040,1
3.2297819,-0.94971305,-0.31031227,0.05009095,0.08697194,-0.1956296,AGGRESSIVE,819041,1
4.2163606,-0.20699215,0.32483578,-0.12339478,0.0045051314,-0.19868392,AGGRESSIVE,819041,1
2.4061532,-1.7507067,0.26240253,-0.04520403,0.12789991,-0.23900102,AGGRESSIVE,819042,1
1.7302549,-2.6228223,0.27448463,0.076358154,-0.026648996,-0.4644103,AGGRESSIVE,819042,1
-0.0070445538,-2.2017753,1.5596418,-0.0,0.23968825,-0.25977045,AGGRESSIVE,819043,1
2.3941886,-0.27812278,-0.7765055,-0.1459968,-0.00038179077,-0.2591596,AGGRESSIVE,819044,1
4.1817102,-1.0910995,-3.0380564,-0.18570304,-0.11217013,-0.16630806,AGGRESSIVE,819044,1
-1.0908573,0.25648177,-1.2936211,-0.07880162,-0.009544769,-0.07223482,AGGRESSIVE,819045,1
-1.3270576,-0.970286,1.5892353,0.07452556,0.4712062,-0.056352317,AGGRESSIVE,819045,1
1.031141,-2.8340065,3.2569895,-0.106901415,0.01366811,-0.18646662,AGGRESSIVE,819046,1
0.78707385,0.9269811,-0.07715511,-0.025045475,0.6453028,0.3052799,AGGRESSIVE,819046,1
-1.457096,-1.4052304,0.7262058,0.0012217305,0.06742425,0.07742717,AGGRESSIVE,819047,1
-1.4532583,-2.6825671,2.1610823,-0.105068825,-0.048640147,0.011453724,AGGRESSIVE,819047,1
-0.25438666,-1.2023486,-0.43999863,0.089186326,-0.048640147,-0.023365596,AGGRESSIVE,819048,1
-0.32708693,-1.5261147,-0.21551323,0.15088372,0.18104519,-0.019700404,AGGRESSIVE,819048,1
0.63015985,-1.9621811,0.49558258,-0.018325957,-0.017486017,-0.049632803,AGGRESSIVE,819049,1
-2.543435,-1.637259,0.240839,0.15149458,0.1437824,0.010842858,AGGRESSIVE,819050,1
-0.9739357,-1.7283537,0.80455875,0.07452556,0.087582804,0.01695151,AGGRESSIVE,819050,1
-0.82329786,0.7797854,0.23291874,0.035430185,-0.09628764,0.022449298,AGGRESSIVE,819051,1
-1.790633,1.0533278,-0.20276928,0.0580322,0.18471038,0.071318515,AGGRESSIVE,819051,1
-1.9107308,0.25210053,-0.3179102,0.035430185,0.0753655,0.059101213,AGGRESSIVE,819052,1
-0.29757953,2.271525,1.5402422,-0.08124508,-0.070631295,0.06582073,AGGRESSIVE,819052,1
-1.204947,-0.8290113,1.2173414,0.073303826,-0.012599096,0.04505131,AGGRESSIVE,819053,1
0.2805934,0.6174315,-0.86872005,0.061086524,0.031994067,-0.06856962,AGGRESSIVE,819053,1
0.46910667,0.07490146,-1.7757325,-0.03176499,0.017944166,-0.00015271631,AGGRESSIVE,819054,1
-0.7384671,-1.3880454,-1.0403891,0.043982297,0.12851077,0.087201014,AGGRESSIVE,819054,1
-0.022835732,-1.0174285,0.95730495,0.007941248,0.10529789,0.1947133,AGGRESSIVE,819055,1
-4.854163,-2.2235918,-0.46277046,0.040317107,-0.009544769,0.21120666,AGGRESSIVE,819055,1
-3.8489769,-0.4458856,1.0849419,0.0067195175,0.041157044,0.22708915,AGGRESSIVE,819056,1
-0.8238281,0.23358673,-0.112701416,-0.005497787,-0.044974953,0.21365012,AGGRESSIVE,819057,1
0.11363202,-0.018299341,-0.07823467,-0.01038471,-0.016264288,0.09514226,AGGRESSIVE,819057,1
0.23007137,-3.1275415,1.2628222,0.03726278,0.20303634,0.04444045,AGGRESSIVE,819058,1
0.06032759,-2.2684443,0.5250101,-0.04642576,-0.09934196,-0.028863383,AGGRESSIVE,819058,1
2.4951072,0.20685053,-0.008115768,0.05131268,-0.030314188,-0.03863723,AGGRESSIVE,819059,1
-0.6688722,-0.45904455,1.9875889,-0.08246681,-0.29970577,-0.029474247,AGGRESSIVE,819059,1
-0.29439506,-1.3095839,0.29345894,-0.13622294,-0.425544,-0.08506299,AGGRESSIVE,819060,1
1.7857258,-1.405952,-0.70132923,-0.080634214,-0.24228443,-0.08078693,AGGRESSIVE,819060,1
2.4677567,-0.4058331,-0.80754757,-0.01038471,0.041157044,-0.025809057,AGGRESSIVE,819061,1
0.7839888,-2.546761,-0.16822529,-0.004886922,-0.04375322,-0.04718934,AGGRESSIVE,819061,1
0.92523843,-0.77285004,-2.944891,0.08857546,0.008781188,-0.014813482,AGGRESSIVE,819062,1
-0.65313095,-1.8985004,1.9772034,-0.014660766,-0.011377365,-0.03680463,AGGRESSIVE,819062,1
2.1982477,-1.4365844,-2.5487413,-0.032375857,0.30505082,0.10186178,AGGRESSIVE,819063,1
1.0686877,-1.4868865,3.4781437,-0.12705997,-0.017486017,0.033444874,AGGRESSIVE,819064,1
1.6238668,0.4173882,1.2323656,-0.049480084,0.015500706,0.017562376,AGGRESSIVE,819064,1
1.842964,1.2900517,1.5261059,-0.02565634,-0.12744176,0.0096211275,AGGRESSIVE,819065,1
0.89893186,0.6646396,0.013401985,-0.16371189,0.04298964,-0.039858956,AGGRESSIVE,819065,1
1.8974414,-1.4548142,2.7218962,-0.061086524,0.032604933,-0.042913284,AGGRESSIVE,819066,1
3.0621212,-2.3077214,-0.40741634,-0.06291912,-0.45791987,-0.24022275,AGGRESSIVE,819066,1
4.313364,-1.2368828,-1.5281115,0.11056661,0.93057686,0.02855795,AGGRESSIVE,819067,1
2.8780627,-1.3908693,2.00955,-0.06658431,-0.10300715,-0.24388795,AGGRESSIVE,819067,1
4.5177383,-0.40161198,-3.821918,-0.0,-0.07612908,-0.29642236,AGGRESSIVE,819068,1
3.6753874,-0.36318064,-2.0571446,-0.02443461,-0.12805262,-0.22311853,AGGRESSIVE,819068,1
0.8925923,0.533593,0.14946175,0.100792766,0.50174946,-0.14004086,AGGRESSIVE,819069,1
0.95746446,1.0968616,1.0553741,-0.065973446,0.09369145,0.0364992,AGGRESSIVE,819069,1
-1.766763,-1.12691,-2.213799,0.009773844,-0.22090414,-0.029474247,AGGRESSIVE,819070,1
-0.69390625,1.6451484,2.3356085,-0.21563543,-0.6100253,-0.1742493,AGGRESSIVE,819071,1
-1.032423,0.21976495,2.7511654,-0.051923547,-0.21723895,-0.10827587,AGGRESSIVE,819071,1
0.2098391,0.9717647,-2.7987452,0.1142318,0.12301299,0.026725354,AGGRESSIVE,819072,1
-0.68756115,-0.2599688,0.45044518,-0.03726278,-0.13965906,-0.03863723,AGGRESSIVE,819072,1
0.7611997,-0.29997855,-1.7084842,0.02565634,0.0008399397,0.04138612,AGGRESSIVE,819073,1
-0.15287638,0.2928204,-0.18515301,0.0580322,0.09857838,0.10125092,AGGRESSIVE,819073,1
-3.6504412,-0.8480129,0.3113222,-0.049480084,-0.0107665,0.15683965,AGGRESSIVE,819074,1
-3.0016093,-0.869107,-2.178069,-0.03176499,-0.36995527,0.20937407,AGGRESSIVE,819074,1
-1.8164914,1.2038167,2.9423218,0.09162979,-0.04192063,0.2612976,AGGRESSIVE,819075,1
-1.3751837,-0.2015783,-2.1838942,0.04886922,0.107741356,0.2350304,AGGRESSIVE,819075,1
-2.3786225,-0.108287245,-0.39352417,0.12461651,0.3056617,0.1525636,AGGRESSIVE,819076,1
-3.2600253,-1.8040528,-1.0957422,0.13622294,0.029550606,0.020005837,AGGRESSIVE,819077,1
3.1199036,1.2235885,1.2008982,0.02443461,0.0045051314,0.12690726,AGGRESSIVE,819077,1
-1.8741941,0.24610001,1.2862587,-0.009773844,0.037491854,0.16661349,AGGRESSIVE,819078,1
-0.23372355,-0.70615125,1.777812,0.01282817,0.1755474,0.1965459,AGGRESSIVE,819078,1
-1.8749702,-2.4750395,0.94353294,-0.01038471,0.014278975,0.22708915,AGGRESSIVE,819079,1
-2.772006,-2.3382683,2.061782,0.06841691,-0.10239629,0.2759584,AGGRESSIVE,819079,1
-3.5287213,-0.33936644,-0.6056776,0.02321288,0.04665483,0.32238412,AGGRESSIVE,819080,1
-0.57750833,-0.35710976,1.6131601,0.044593163,-0.0028252518,0.2967278,AGGRESSIVE,819080,1
-0.5446706,-0.15254834,0.17866135,0.14049901,0.14683673,0.20631973,AGGRESSIVE,819081,1
-0.5502629,-0.076302946,0.80920315,-0.10873401,-0.17875445,0.063988134,AGGRESSIVE,819081,1
3.5392256,1.0055902,-0.5961418,0.039095376,0.055817813,0.062155537,AGGRESSIVE,819082,1
1.235667,1.1671009,1.5413141,0.01038471,0.06742425,0.06765333,AGGRESSIVE,819082,1
1.8631232,-0.36274242,-0.07766056,-0.100792766,-0.057803124,0.05665775,AGGRESSIVE,819083,1
1.8126149,-1.3117876,-0.92565536,-0.07391469,0.03810272,0.0035124752,AGGRESSIVE,819084,1
5.4302864,-1.4853733,-1.2366323,-0.1142318,-0.10667235,-0.0777326,AGGRESSIVE,819084,1
3.496691,-0.9087044,1.3056288,-0.12461651,-0.25816694,-0.18402316,AGGRESSIVE,819085,1
4.815342,-0.8147707,0.28355694,-0.07574729,-0.034590244,-0.20051652,AGGRESSIVE,819085,1
5.817379,-0.7782411,-0.95626926,-0.13622294,-0.2092977,-0.34162638,AGGRESSIVE,819086,1
5.8649797,0.5945225,0.3193884,0.105068825,0.38873938,-0.3184135,AGGRESSIVE,819086,1
3.38261,0.96160424,-2.1570816,-0.049480084,0.10224357,-0.27259862,AGGRESSIVE,819087,1
3.768992,1.0377598,0.10144234,-0.1001819,-0.039477166,-0.28420505,AGGRESSIVE,819087,1
3.1732624,1.2822211,-1.8762355,0.11301007,0.28733575,-0.21029036,AGGRESSIVE,819088,1
2.424387,2.3492098,-0.83083344,-0.08552113,-0.060246583,-0.21212296,AGGRESSIVE,819088,1
-1.0976315,0.5209277,1.081461,-0.03176499,-0.0388663,0.016340645,AGGRESSIVE,819089,1
-0.357103,1.4186838,1.1570873,0.010995574,-0.03397938,0.04932737,AGGRESSIVE,819089,1
-0.47687316,0.08432947,0.347826,-0.0036651916,-0.04375322,0.035888333,AGGRESSIVE,819090,1
0.33408463,1.0707065,-0.0968132,-0.021991149,-0.04314236,-0.10705414,AGGRESSIVE,819091,1
0.93396115,-1.8371671,0.7110243,-0.13072516,0.04970916,-0.05757405,AGGRESSIVE,819091,1
2.0114155,-1.0391542,0.7302723,-0.057421334,0.061926465,-0.019700404,AGGRESSIVE,819092,1
0.072939634,-2.048904,0.43801212,-0.106901415,-0.13110696,-0.0050396384,AGGRESSIVE,819092,1
-0.14157414,-2.6339943,1.0926046,-0.017104227,0.03932445,0.05665775,AGGRESSIVE,819093,1
-0.18682992,-0.87365484,-0.15428829,0.021991149,0.052763484,0.021227567,AGGRESSIVE,819093,1
-0.06406617,0.3173344,0.9116888,0.07819075,0.06253733,-0.042913284,AGGRESSIVE,819094,1
1.1479772,-0.59787875,1.2348919,0.053145275,0.1614975,0.030390546,AGGRESSIVE,819094,1
0.0072437525,-1.7602682,0.3321352,-0.01160644,-0.008323039,-0.019700404,AGGRESSIVE,819095,1
0.55852175,0.085885406,-0.7835474,0.15882497,0.12423472,-0.0032070426,AGGRESSIVE,819095,1
-0.45970333,1.5945472,-0.8785,0.13072516,0.06009387,-0.016035212,AGGRESSIVE,819096,1
0.109383345,0.7600299,-0.39741993,-0.05009095,0.061926465,0.062155537,AGGRESSIVE,819096,1
1.5015024,0.69746906,2.6032915,0.05009095,-0.07551821,-0.12293663,AGGRESSIVE,819097,1
0.64213204,0.06961274,-1.8414207,-0.012217305,0.051541757,-0.0050396384,AGGRESSIVE,819098,1
1.0693154,0.49953598,0.9213295,-0.02687807,0.022831088,-0.00870483,AGGRESSIVE,819098,1
0.44964826,1.20715,-1.4600296,0.080634214,0.06620252,0.03283401,AGGRESSIVE,819099,1
-0.45379138,0.22288519,0.2798195,0.08124508,0.32032245,0.08170322,AGGRESSIVE,819099,1
-2.6275148,-1.7161267,-0.022824287,-0.064751714,-0.13660474,0.025503624,AGGRESSIVE,819100,1
0.45562708,-0.7237902,1.2551594,-0.13622294,-0.16226108,0.012064588,AGGRESSIVE,819100,1
0.7945143,-0.2610454,0.36588,-0.027488936,0.087582804,-0.0062613687,AGGRESSIVE,819101,1
-0.24091482,-0.08084446,-2.0549498,0.06719518,0.05337435,0.0041233404,AGGRESSIVE,819101,1
0.8198571,-1.4832915,1.3131723,-0.027488936,-0.19402607,-0.063682705,AGGRESSIVE,819102,1
1.1244339,0.37039375,-1.05198,-0.11056661,-0.06330091,-0.029474247,AGGRESSIVE,819102,1
0.09657264,0.7689958,0.9011793,0.03359759,-0.03397938,0.00045814895,AGGRESSIVE,819103,1
-0.91655195,-0.6889364,-1.821517,0.020158553,-0.12560916,-0.026419923,AGGRESSIVE,819104,1
-0.33842862,0.19556367,-0.12450409,0.0067195175,-0.04375322,-0.012370021,AGGRESSIVE,819104,1
0.37294996,-2.642919,0.75138474,0.0842994,0.015500706,-0.00870483,AGGRESSIVE,819105,1
1.1344008,-1.4859931,-0.45979977,0.07391469,0.11629347,0.009010263,AGGRESSIVE,819105,1
-0.06915331,-0.007852912,0.50300884,-0.016493361,-0.009544769,0.0071776668,AGGRESSIVE,819106,1
0.18004942,-0.10615432,-0.032118797,-0.08674286,-0.0046578473,0.00045814895,AGGRESSIVE,819106,1
0.5820694,-0.7735721,-0.07624245,0.03359759,0.09063713,0.027947085,AGGRESSIVE,819107,1
0.24666214,-0.63567716,-0.8715229,-0.017715093,0.021609358,-0.052687127,AGGRESSIVE,819107,1
-0.07097256,-0.44181967,-1.7048359,-0.04886922,-0.03520111,-0.039858956,AGGRESSIVE,819108,1
-0.41576624,0.34022325,0.5796137,0.019547688,-0.1952478,-0.074067414,AGGRESSIVE,819108,1
1.8807062,-0.52159345,-0.025224686,0.12522738,0.069867715,-0.047800206,AGGRESSIVE,819109,1
-0.3611362,-0.4620783,-2.3462992,0.1685988,0.09246973,-0.0050396384,AGGRESSIVE,819109,1
-0.42842948,-1.5791684,-0.22469616,-0.05009095,-0.030925052,-0.0056505036,AGGRESSIVE,819110,1
-0.41658747,-0.7774173,-0.22816372,0.20219639,-0.15065464,-0.085673854,AGGRESSIVE,819111,1
-0.32811987,-0.3571182,-2.1407347,0.036651913,0.24152085,0.10369437,AGGRESSIVE,819111,1
-0.64028287,0.042966664,-0.0933342,-0.12034045,-0.07979427,0.038331795,AGGRESSIVE,819112,1
0.05888605,-1.4008957,-0.63935757,0.0012217305,-0.042531494,0.01450805,AGGRESSIVE,819112,1
0.095279455,-1.6300887,1.2687283,0.034208454,0.22075143,0.035888333,AGGRESSIVE,819113,1
0.5195503,-1.378863,1.4213295,0.01038471,-0.026648996,0.013286319,AGGRESSIVE,819113,1
-1.6762815,-1.2994574,-2.0119328,0.021380283,0.119347796,0.020616703,AGGRESSIVE,819114,1
1.0494136,-0.8082411,1.5076122,-0.10140363,0.04482224,0.020005837,AGGRESSIVE,819114,1
2.0560093,2.0324159,0.19534111,-0.04520403,-0.07918341,-0.006872234,AGGRESSIVE,819115,1
0.40515673,0.5387987,-1.6655645,0.017104227,0.16455182,0.04138612,AGGRESSIVE,819115,1
0.12704945,-1.0244024,-1.8707986,-0.0067195175,0.07780896,-0.0032070426,AGGRESSIVE,819116,1
-0.55977285,-2.446698,1.3393087,-0.015271631,-0.093844175,-0.042913284,AGGRESSIVE,819116,1
-0.18434191,-0.13820036,0.424428,-0.03359759,0.022831088,0.012675454,AGGRESSIVE,819117,1
0.58998835,-1.0304661,-1.3246813,-0.07513642,-0.042531494,-0.014813482,AGGRESSIVE,819118,1
-0.7969539,-1.2005782,1.2700005,0.029321533,-0.16226108,-0.028252518,AGGRESSIVE,819118,1
0.869411,-0.080143616,-0.95636845,-0.022602014,-0.11400273,0.013897184,AGGRESSIVE,819119,1
0.9162203,-0.58887213,-1.3584843,-0.0061086523,-0.10972667,-0.05024367,AGGRESSIVE,819119,1
-0.40844238,-0.1621336,-0.09296322,0.02687807,-0.016264288,-0.075289145,AGGRESSIVE,819120,1
0.038393736,0.22999944,1.0772219,-0.07147124,-0.056581393,-0.09117164,AGGRESSIVE,819120,1
0.31323004,-2.2919815,1.3111601,0.05131268,0.07903069,-0.00015271631,AGGRESSIVE,819121,1
0.7489873,-0.4870969,0.65547085,0.059864793,-0.016875152,0.0041233404,AGGRESSIVE,819121,1
-0.13816452,0.2799158,-1.501337,0.08124508,-0.018707749,0.0364992,AGGRESSIVE,819122,1
0.6386498,0.6013645,-1.0729322,-0.10873401,0.17676914,-0.3361286,AGGRESSIVE,819122,1
-0.047108054,-0.34236908,1.3914223,0.010995574,-0.06574437,0.010842858,AGGRESSIVE,819123,1
-0.09916973,0.9757393,0.15881634,-0.023823744,-0.047418416,0.0071776668,AGGRESSIVE,819123,1
0.7411325,-0.31247747,0.24911213,0.017104227,-0.030925052,0.056046885,AGGRESSIVE,819124,1
-1.0670443,-2.0689278,-1.2740755,-0.007330383,-0.070631295,-0.044135015,AGGRESSIVE,819125,1
-0.17061174,-2.1391444,0.21986198,-0.035430185,-0.019318614,0.033444874,AGGRESSIVE,819125,1
-0.882424,-3.7262084,-0.24868011,-0.02687807,0.033826664,-0.061850104,AGGRESSIVE,819126,1
0.58906007,-1.5967985,-0.33933067,0.07819075,0.022220224,0.10064005,AGGRESSIVE,819126,1
-0.08389449,-0.40419865,-0.62101555,-0.008552114,0.003894266,0.011453724,AGGRESSIVE,819127,1
-0.36120307,1.5464764,-0.09947872,0.025045475,-0.112780996,-0.03924809,AGGRESSIVE,819127,1
0.48655367,1.2889197,-0.7367134,-0.049480084,0.060704734,0.010842858,AGGRESSIVE,819128,1
-0.9743327,1.5043235,1.7131653,-0.02565634,-0.0846812,0.0071776668,AGGRESSIVE,819128,1
0.058264732,0.7045423,0.6972494,0.015882496,0.099189244,0.0065668016,AGGRESSIVE,819129,1
1.2343167,0.78144777,0.7781935,0.023823744,0.032604933,-0.009315695,AGGRESSIVE,819129,1
0.26420915,0.6648413,0.9516916,0.044593163,-0.065133505,-0.0025961774,AGGRESSIVE,819130,1
0.26999688,1.2195547,-0.45615387,-0.012217305,-0.02115121,0.008399397,AGGRESSIVE,819131,1
-0.8309836,0.2668237,-0.95008373,0.013439035,0.0045051314,0.007788532,AGGRESSIVE,819131,1
0.25989068,-0.033442706,0.59930515,-0.007941248,0.0032834008,0.01695151,AGGRESSIVE,819132,1
-0.024621725,0.37308222,-1.1719751,-0.021991149,-0.008323039,0.0071776668,AGGRESSIVE,819132,1
0.86062586,0.5888275,0.100048065,0.026267206,0.04848743,-0.010537425,AGGRESSIVE,819133,1
-1.3084675,0.36643338,-0.32782078,-0.02565634,0.072922036,0.01817324,AGGRESSIVE,819133,1
0.26384985,0.3026482,1.0649853,0.03970624,-0.044974953,-0.019700404,AGGRESSIVE,819134,1
-0.4044546,-0.12626621,-3.2470942,0.05497787,-0.0046578473,-0.022143865,AGGRESSIVE,819134,1
-0.4006008,0.6156378,-0.72071457,-0.029932396,0.03932445,0.010842858,AGGRESSIVE,819135,1
1.2065187,0.12899707,0.4697342,-0.028710667,0.025885414,0.0071776668,AGGRESSIVE,819135,1
0.33663428,-1.0428945,1.318718,0.009773844,-0.016875152,-0.0038179078,AGGRESSIVE,819136,1
-0.6339103,0.29141265,0.2582159,0.04153884,-0.030314188,0.012064588,AGGRESSIVE,819136,1
0.23397672,-0.97303367,0.41544724,0.0036651916,-0.044974953,-0.008093964,AGGRESSIVE,819137,1
0.3639815,-1.1409919,-0.41565323,-0.03970624,0.09857838,-0.025198191,AGGRESSIVE,819138,1
-0.49451256,-2.0928938,0.11432171,0.007330383,-0.05719226,-0.010537425,AGGRESSIVE,819138,1
-0.059099555,-3.3350816,-1.353447,0.032375857,-0.23800837,-0.04046982,AGGRESSIVE,819139,1
0.43104494,-2.8695579,-0.15500546,-0.014049901,0.02893974,0.010231993,AGGRESSIVE,819139,1
-0.16734481,-0.18174243,0.7761078,0.028710667,-0.03153592,0.0022907446,AGGRESSIVE,819140,1
-0.32217598,-0.060892344,0.56194687,-0.057421334,0.068645984,0.016340645,AGGRESSIVE,819140,1
-1.105239,-0.7872329,0.7024126,0.019547688,0.0332158,0.02855795,AGGRESSIVE,819141,1
-0.36929655,-0.63355494,1.7335138,-0.0421497,-0.123165704,-0.029474247,AGGRESSIVE,819141,1
-0.129547,-1.3693929,0.5030012,-0.014660766,0.03504839,-0.02397646,AGGRESSIVE,819142,1
-0.20211303,0.63397646,0.7302103,-0.0036651916,0.027107146,0.0096211275,AGGRESSIVE,819142,1
-0.013188243,-0.108514786,0.37524414,0.029321533,-0.005879578,0.11285736,AGGRESSIVE,819143,1
-0.39401895,-0.2526343,0.07267952,0.06719518,0.0008399397,0.2667954,AGGRESSIVE,819143,1
0.26367623,-0.41399753,0.06817913,0.1020145,-0.0016035213,0.46105054,AGGRESSIVE,819144,1
0.4513759,0.23446321,-0.05523777,0.07574729,-0.07368562,0.49831334,AGGRESSIVE,819145,1
0.38620186,-0.12118435,0.06339836,0.05131268,-0.012599096,0.4738787,AGGRESSIVE,819145,1
0.60165954,-0.09700644,0.251091,-0.021991149,-0.19769126,0.41279218,AGGRESSIVE,819146,1
1.3769065,-1.0925466,1.1168737,0.045814894,0.017944166,0.2875648,AGGRESSIVE,819146,1
1.77951,-1.4092615,0.20986652,0.020158553,-0.0071013086,0.09941832,AGGRESSIVE,819147,1
0.06499863,-0.13812423,0.06912422,0.042760566,0.20059288,0.016340645,AGGRESSIVE,819147,1
-0.25933552,1.5795231,0.25769615,-0.0012217305,0.005726862,0.005955936,AGGRESSIVE,819148,1
-0.05791235,-0.18303132,-0.08864117,-0.01282817,0.027107146,0.00290161,AGGRESSIVE,819148,1
-0.12376046,-0.5160482,-0.14659786,0.017715093,-0.017486017,0.0364992,AGGRESSIVE,819149,1
0.12186766,0.2817629,0.07397652,0.013439035,-0.008323039,0.1207986,AGGRESSIVE,819149,1
-0.03260374,-0.7947328,0.28243923,0.034208454,-0.019929478,0.19165897,AGGRESSIVE,819150,1
-0.4721291,-0.56257474,0.54769325,0.08002335,0.11385001,0.11407909,AGGRESSIVE,819150,1
0.14657116,-0.5129465,0.004658699,0.047647487,-0.008933905,0.12629639,AGGRESSIVE,819151,1
-0.26995623,0.036278784,0.14952564,0.05375614,-0.03397938,0.19043724,AGGRESSIVE,819152,1
0.26626754,-0.10655522,0.2901001,0.051923547,-0.012599096,0.19898935,AGGRESSIVE,819152,1
0.1409452,0.13936712,0.10826683,0.050701816,-0.003436117,0.14950927,AGGRESSIVE,819153,1
0.004903555,0.10081666,0.16425705,0.02443461,0.008781188,0.09208794,AGGRESSIVE,819153,1
-0.25301385,-0.07251692,0.18630123,-0.013439035,0.0081703225,0.01572978,AGGRESSIVE,819154,1
-0.24875021,-0.014298782,0.15923691,-0.004276057,-0.0022143866,0.005955936,AGGRESSIVE,819154,1
0.015494823,0.015328646,0.1345377,0.007330383,0.025885414,0.0047342055,AGGRESSIVE,819155,1
0.6822691,0.22601065,-0.03553486,0.008552114,-0.0107665,0.0035124752,AGGRESSIVE,819155,1
-0.24112463,1.0727291,0.59008026,0.03359759,0.05215262,0.1769982,AGGRESSIVE,819156,1
-0.09572208,-0.37019062,0.5301924,0.06536258,0.023441954,0.4268421,AGGRESSIVE,819156,1
-0.05227655,-0.8576821,0.5444813,0.10751228,-0.0071013086,0.54718256,AGGRESSIVE,819157,1
-0.008349001,0.3195464,0.010907173,0.103847094,-0.027259862,0.41523564,AGGRESSIVE,819158,1
0.75828266,0.40492463,-0.44423103,0.03481932,0.017944166,0.16050485,AGGRESSIVE,819158,1
1.0994208,1.1555661,-0.25651455,-0.027488936,-0.065133505,0.031001411,AGGRESSIVE,819159,1
-0.5155686,0.5341784,0.6835003,0.018936822,0.003894266,0.064599,AGGRESSIVE,819159,1
0.70885813,-0.82497585,-0.43777943,0.037873644,0.049098294,0.0364992,AGGRESSIVE,819160,1
-0.7104585,-3.2079835,-0.33098984,-0.01038471,-0.05352707,0.024281893,AGGRESSIVE,819160,1
0.6281177,-0.84191954,0.15408611,0.028099801,0.07475463,0.0053450707,AGGRESSIVE,819161,1
1.1473824,0.07653093,0.73544693,-0.023823744,-0.09750936,-0.006872234,AGGRESSIVE,819161,1
-0.065446496,-1.2665949,0.13632965,-0.0061086523,0.019165898,-0.030085113,AGGRESSIVE,819162,1
0.10078442,-0.7603293,0.3438549,0.00061086525,0.038713586,0.010231993,AGGRESSIVE,819162,1
0.14355886,-0.2737527,0.54123116,0.0012217305,0.08819367,-0.006872234,AGGRESSIVE,819163,1
0.8036202,-0.5717006,0.60885143,-0.0036651916,0.0081703225,-0.0056505036,AGGRESSIVE,819163,1
0.09001076,-1.1079986,0.5812998,0.0012217305,-0.096898496,-0.031306844,AGGRESSIVE,819164,1
0.13325083,-0.5706831,-0.21094513,-0.065973446,-0.0016035213,0.012675454,AGGRESSIVE,819165,1
-0.52562344,-0.20673692,0.10255146,0.007330383,-0.016875152,0.0041233404,AGGRESSIVE,819165,1
-1.3566642,-0.7180805,0.1183424,-0.0061086523,0.008781188,-0.0056505036,AGGRESSIVE,819166,1
-0.32898903,-1.4762174,-0.1368103,-0.03481932,0.05459608,0.022449298,AGGRESSIVE,819166,1
0.42236233,-1.4372575,0.15072441,-0.029321533,0.091858864,-0.12599096,AGGRESSIVE,819167,1
0.09078157,-0.40629035,0.0018501282,0.036651913,-0.03642284,-0.013591751,AGGRESSIVE,819167,1
0.6772914,-0.6476444,-1.0742655,0.03970624,0.00022907447,-0.026419923,AGGRESSIVE,819168,1
-0.8839548,-0.36749756,-0.77250767,0.021380283,-0.07551821,-0.013591751,AGGRESSIVE,819168,1
-0.12275195,-0.3123531,0.5732298,-0.012217305,0.03810272,0.0071776668,AGGRESSIVE,819169,1
1.0699205,0.15079647,0.42113686,-0.034208454,0.018555032,-0.014813482,AGGRESSIVE,819169,1
-0.45807028,-0.8573843,-0.5451956,-0.00061086525,0.015500706,-0.014813482,AGGRESSIVE,819170,1
0.8108064,-1.2253993,0.4880476,0.040317107,-0.03397938,0.035888333,AGGRESSIVE,819170,1
0.9364914,-0.24845871,-1.7275653,0.07880162,0.08208502,0.00045814895,AGGRESSIVE,819171,1
1.3531992,0.23537713,0.86654186,-0.032986723,-0.101174556,-0.010537425,AGGRESSIVE,819172,1
0.14425194,-0.056839228,0.42008972,0.02687807,0.065591656,-0.0038179078,AGGRESSIVE,819172,1
1.2309653,-0.3183814,0.42440987,-0.084910266,0.050320026,-0.06856962,AGGRESSIVE,819173,1
0.003135085,-0.13667125,-0.58696556,0.03726278,0.006948592,-0.04046982,AGGRESSIVE,819173,1
0.67316854,-0.7534156,0.19704533,0.004276057,0.091248,0.045662176,AGGRESSIVE,819174,1
0.011112332,-1.2614149,1.2491703,0.034208454,-0.19769126,-0.15347989,AGGRESSIVE,819174,1
1.3041708,-0.800884,0.65757275,-0.02321288,0.051541757,-0.007483099,AGGRESSIVE,819175,1
-0.28164566,-2.3750343,-0.4666195,-0.00061086525,0.115071744,0.0364992,AGGRESSIVE,819175,1
0.08984399,-1.9930737,-1.0332842,0.049480084,-0.15615243,-0.04046982,AGGRESSIVE,819176,1
-1.006494,-2.9681225,-1.4818506,-0.047036625,-0.120111376,0.013286319,AGGRESSIVE,819176,1
-0.66331244,-2.5970237,-0.34028435,0.021380283,0.08819367,0.0016798794,AGGRESSIVE,819177,1
0.52562046,-0.77669555,-1.1794863,-0.01038471,-0.23128885,-0.025809057,AGGRESSIVE,819177,1
-0.15262544,0.5675334,-1.0521069,-0.039095376,0.04054618,0.009010263,AGGRESSIVE,819178,1
-0.12840486,0.46087244,2.510518,-0.005497787,-0.012599096,0.02367103,AGGRESSIVE,819179,1
-0.7642094,0.82424396,-0.072366714,-0.023823744,-0.044974953,-0.0013744468,AGGRESSIVE,819179,1
0.07387841,1.2465123,-0.19715118,0.044593163,0.022220224,0.010842858,AGGRESSIVE,819180,1
-0.25778186,1.8074591,-0.9708195,0.037873644,-0.027259862,-0.081397794,AGGRESSIVE,819180,1
-0.721937,-0.6266029,-0.3378725,0.24251351,0.03504839,-0.004428773,AGGRESSIVE,819181,1
0.18755996,0.43977594,0.47997093,-0.00061086525,-0.040698897,0.11652254,AGGRESSIVE,819181,1
-0.56452703,-0.21532169,0.98799706,-0.014049901,-0.051083606,0.046883907,AGGRESSIVE,819182,1
-1.4579625,0.44045502,-0.7040653,-0.021380283,0.14805846,0.031001411,AGGRESSIVE,819182,1
1.1139677,0.10607457,0.6198931,0.044593163,0.10896309,-0.04352415,AGGRESSIVE,819183,1
-0.5183115,-0.65928614,0.378685,-0.057421334,0.14928019,0.205098,AGGRESSIVE,819183,1
-0.07979512,-1.0860147,-0.053956985,0.05681047,-0.09201158,-0.010537425,AGGRESSIVE,819184,1
-0.009750724,-1.3832982,-1.5577154,-0.019547688,-0.00038179077,0.06093381,AGGRESSIVE,819185,1
0.9864937,-2.3464246,-0.3997488,0.07452556,0.010613783,-0.056352317,AGGRESSIVE,819185,1
-0.728184,-2.5191152,-0.61950684,-0.045814894,-0.17264579,-0.008093964,AGGRESSIVE,819186,1
1.390031,-0.8093833,1.3087368,0.00061086525,-0.105450615,0.00290161,AGGRESSIVE,819186,1
-0.46551836,-0.057381094,-0.9173546,-0.002443461,-0.02603813,0.0016798794,AGGRESSIVE,819187,1
0.33962965,1.4799956,-0.18917084,-0.034208454,-0.0046578473,-0.001985312,AGGRESSIVE,819187,1
-0.29286277,-0.0064282417,0.54495525,0.0067195175,0.04665483,-0.00015271631,AGGRESSIVE,819188,1
1.2445259,1.4744413,1.2470064,-0.05681047,0.069867715,0.15745051,AGGRESSIVE,819188,1
-1.3858814,0.7525053,-0.45357132,-0.027488936,-0.041309763,-0.3061962,AGGRESSIVE,819189,1
-0.70179796,-0.8986305,-1.5972314,-0.14355333,0.11262828,0.3828598,AGGRESSIVE,819189,1
2.0053723,0.19711195,0.4281187,0.023823744,-0.03397938,-0.027030786,AGGRESSIVE,819190,1
-0.46302783,-0.085856855,-1.9277015,0.049480084,0.17982346,-0.00076358154,AGGRESSIVE,819190,1
0.075383425,-0.6026926,1.6390438,-0.15210545,-0.021762075,0.030390546,AGGRESSIVE,819191,1
1.0169485,-0.12197256,-0.6497927,-0.111177474,0.11323915,0.04505131,AGGRESSIVE,819192,1
1.532865,-1.155272,1.7649755,-0.14844026,0.0081703225,0.00045814895,AGGRESSIVE,819192,1
1.6412983,1.3033264,1.811348,-0.013439035,0.058872137,0.032223143,AGGRESSIVE,819193,1
1.129761,-0.419227,1.5252495,-0.07147124,-0.028481591,-0.039858956,AGGRESSIVE,819193,1
-0.50697553,-1.3013262,0.22286224,0.008552114,-0.04314236,-0.004428773,AGGRESSIVE,819194,1
-0.8314431,-1.0430977,0.20269203,0.007330383,0.084528476,0.0041233404,AGGRESSIVE,819194,1
-0.2451998,0.3951124,-0.83376503,-0.004886922,0.14133894,0.018784106,AGGRESSIVE,819195,1
-0.5955801,-0.5374211,-0.2734022,0.018325957,0.025885414,0.025503624,AGGRESSIVE,819195,1
-0.027092338,-1.0317612,-0.15457726,-0.0012217305,-0.09140071,-0.00015271631,AGGRESSIVE,819196,1
-0.18583906,-0.6956749,-0.3694172,-0.032986723,-0.14698945,0.02733622,AGGRESSIVE,819196,1
0.2833959,0.44918144,-1.4786997,0.007941248,-0.048640147,-0.013591751,AGGRESSIVE,819197,1
0.21684575,-1.0842683,1.3102503,-0.031154128,-0.07857254,-0.00870483,AGGRESSIVE,819197,1
0.044712305,-0.69306666,-0.88455963,0.004276057,0.04604397,-0.00076358154,AGGRESSIVE,819198,1
0.05604744,-1.4337552,0.34649658,-0.0036651916,0.13584116,-0.0032070426,AGGRESSIVE,819199,1
0.5887182,0.9398683,-0.55409336,0.018936822,0.064369924,-0.0032070426,AGGRESSIVE,819199,1
-0.9456129,1.6386452,-0.5297241,0.08674286,-0.20196733,-0.054519724,AGGRESSIVE,819200,1
-1.2274115,1.2493948,0.09265232,-0.042760566,-0.088346384,-0.016646078,AGGRESSIVE,819200,1
0.8798995,2.4032009,-0.85443974,0.06841691,0.2018146,0.016340645,AGGRESSIVE,819201,1
0.7362387,1.6151888,-0.69898415,0.1600467,0.22686008,-0.069791354,AGGRESSIVE,819201,1
-0.2592281,0.793,-0.64817905,-0.1001819,-0.05535966,0.038331795,AGGRESSIVE,819202,1
-0.01167798,-0.14160478,1.3057737,-0.06780604,0.14317155,0.0804815,AGGRESSIVE,819202,1
0.5584898,-0.3311128,0.5630903,0.02565634,0.037491854,-0.025809057,AGGRESSIVE,819203,1
0.38033652,0.4437117,1.7504444,0.005497787,-0.14821118,-0.00992656,AGGRESSIVE,819203,1
0.8832021,1.5495355,0.8957052,0.03970624,0.072922036,-0.025809057,AGGRESSIVE,819204,1
1.1176603,0.4024839,1.1144695,-0.01038471,-0.25328,-0.016035212,AGGRESSIVE,819204,1
0.07148552,-0.6160946,-0.8899765,0.009162978,0.14683673,0.020616703,AGGRESSIVE,819205,1
0.55853224,-0.31086773,0.9779415,-0.03726278,0.27450758,0.045662176,AGGRESSIVE,819206,1
-0.47322953,-0.99438447,-1.1353054,-0.077579886,0.01488984,0.0035124752,AGGRESSIVE,819206,1
0.68583107,-2.0720568,1.6833868,-0.065973446,0.051541757,-0.016646078,AGGRESSIVE,819207,1
-0.533448,-1.8315098,0.06360245,0.02565634,0.48464522,0.025503624,AGGRESSIVE,819207,1
0.80453384,-1.8244576,-2.1565514,0.016493361,0.077198096,-0.0056505036,AGGRESSIVE,819208,1
2.2583122,0.16837251,-0.6786547,-0.037873644,-0.14943291,-0.029474247,AGGRESSIVE,819208,1
0.17728591,0.87653667,-2.3096557,0.069027774,0.18898644,-0.0025961774,AGGRESSIVE,819209,1
0.026802897,-1.5931504,1.2865906,0.007941248,0.11323915,0.05421429,AGGRESSIVE,819209,1
-0.26581895,-2.6396723,0.2056036,-0.032986723,-0.19402607,0.08903361,AGGRESSIVE,819210,1
-2.3980463,-0.5170219,-0.40405464,-0.027488936,-0.024816401,0.2350304,AGGRESSIVE,819210,1
-2.4664369,-0.3166592,-0.55205154,0.007941248,-0.14210252,0.17333302,AGGRESSIVE,819211,1
-0.19743025,0.49880517,-1.0338631,0.06291912,0.06314819,0.23869559,AGGRESSIVE,819212,1
-1.4030904,-0.14374399,-0.3212862,0.027488936,-0.0107665,0.3089451,AGGRESSIVE,819212,1
-2.283477,0.22773159,0.26635647,0.051923547,-0.05841399,0.3211624,AGGRESSIVE,819213,1
-1.6250995,2.393538,-0.047385216,-0.014049901,-0.07490735,0.15378532,AGGRESSIVE,819213,1
0.37971187,0.13926822,0.21725178,-0.020158553,-0.06452264,0.1684461,AGGRESSIVE,819214,1
0.418248,0.21027479,0.12959957,0.0580322,-0.0046578473,0.17150041,AGGRESSIVE,819214,1
0.6172087,2.0297275,0.40171337,0.054367006,0.015500706,0.18371773,AGGRESSIVE,819215,1
0.38061416,0.1623827,-0.06579685,0.009773844,0.04604397,0.09330966,AGGRESSIVE,819215,1
0.76840925,0.1935454,-0.15160751,-0.0421497,-0.07124216,0.009010263,AGGRESSIVE,819216,1
1.5799209,0.095814645,-1.425353,-0.023823744,-0.0046578473,-0.060628377,AGGRESSIVE,819216,1
1.3410032,-2.010764,0.613637,-0.053145275,-0.029092457,0.005955936,AGGRESSIVE,819217,1
0.093435764,-1.8593901,-0.12221527,-0.03726278,-0.0052687125,0.012064588,AGGRESSIVE,819217,1
-1.7024548,-2.3100448,-2.2806816,0.12095132,0.20609066,-0.026419923,AGGRESSIVE,819218,1
1.0412465,-0.15457124,-1.1167326,-0.036651913,0.042378776,-0.071013086,AGGRESSIVE,819219,1
3.4950807,-0.7215951,-1.157978,-0.052534413,0.11995866,-0.14248432,AGGRESSIVE,819219,1
1.5164689,-0.058021307,0.46322346,-0.025045475,0.11140655,-0.22128594,AGGRESSIVE,819220,1
2.6265702,-1.3666623,-0.7952213,-0.06780604,0.06681339,-0.22250767,AGGRESSIVE,819220,1
3.0309324,1.0380102,-0.5838728,-0.05131268,0.083306745,-0.2603813,AGGRESSIVE,819221,1
5.388553,1.2117327,-0.5204525,-0.08552113,0.110795684,-0.2780964,AGGRESSIVE,819221,1
2.5774088,-0.023980737,-1.0892591,-0.02076942,0.13156511,-0.24816401,AGGRESSIVE,819222,1
2.6291888,0.123152375,0.96018696,0.018936822,-0.09750936,-0.13820826,AGGRESSIVE,819222,1
0.2872889,-0.17663825,-5.5515685,-0.005497787,0.008781188,-0.069791354,AGGRESSIVE,819223,1
-0.19733286,-0.9839571,0.49422073,0.049480084,0.21036673,-0.046578474,AGGRESSIVE,819223,1
2.2514575,0.54577523,0.69600487,0.013439035,0.17432567,-0.08811731,AGGRESSIVE,819224,1
2.264554,-0.15122512,-0.7590618,-0.02687807,0.081474155,-0.18585575,AGGRESSIVE,819224,1
3.7068052,-0.10765579,-0.72905827,-0.09590584,-0.04680755,-0.2835942,AGGRESSIVE,819225,1
2.9649038,-0.78954136,0.72914314,-0.080634214,0.0332158,-0.27259862,AGGRESSIVE,819226,1
2.9144783,0.49430797,-0.37851906,-0.007330383,-0.019318614,-0.23472497,AGGRESSIVE,819226,1
1.868361,1.6155995,-0.5235348,-0.092240654,-0.101174556,-0.13637567,AGGRESSIVE,819227,1
0.3956046,-0.15095541,0.6434841,-0.04642576,0.027107146,-0.055741455,AGGRESSIVE,819227,1
1.1070042,-0.92818886,-0.40846348,-0.029932396,-0.05047274,-0.036193766,AGGRESSIVE,819228,1
0.40327716,-0.40891707,0.6391039,-0.03359759,-0.027259862,-0.006872234,AGGRESSIVE,819228,1
-1.061689,-0.45353198,-0.3143816,-0.042760566,0.10102184,0.08475755,AGGRESSIVE,819229,1
0.588933,0.32957944,1.9710665,-0.0061086523,0.14317155,0.0664316,AGGRESSIVE,819229,1
1.0672255,1.0595589,0.6143389,-0.047647487,-0.19097175,0.01450805,AGGRESSIVE,819230,1
-1.1992073,-1.5247221,0.50730705,-0.05375614,0.099189244,0.13607024,AGGRESSIVE,819230,1
-2.355932,-0.36171854,0.1557045,-0.01282817,-0.07368562,0.13423763,AGGRESSIVE,819231,1
-2.8510158,-1.1754292,0.1831398,0.08368854,-0.09812023,0.37797287,AGGRESSIVE,819231,1
-3.207422,0.838457,-0.22101974,0.19547687,-0.12683089,0.2228131,AGGRESSIVE,819232,1
-2.7124162,1.1938679,1.715395,0.07696902,-0.0846812,0.18310685,AGGRESSIVE,819233,1
-0.30656117,-0.90449727,-0.29410172,0.08368854,0.18104519,0.14523321,AGGRESSIVE,819233,1
-0.81936437,1.0068526,-0.6157026,0.029321533,0.16455182,0.10919216,AGGRESSIVE,819234,1
-0.25563985,-2.3686347,-1.0100393,0.084910266,-0.21907155,0.043829583,AGGRESSIVE,819234,1
0.5112251,-1.0159371,1.5272408,0.11056661,-0.04558582,-0.014202617,AGGRESSIVE,819235,1
1.3157717,-2.1628306,0.032269478,-0.002443461,0.13645202,-0.011148291,AGGRESSIVE,819235,1
0.7177973,-1.8691704,0.8709717,-0.0842994,0.027107146,0.031612277,AGGRESSIVE,819236,1
3.0834522,-0.5676542,-0.005417824,0.07513642,-0.03397938,-0.05024367,AGGRESSIVE,819236,1
2.2656064,0.07466835,1.9164934,0.0061086523,-0.027259862,-0.008093964,AGGRESSIVE,819237,1
1.0076776,-1.1996148,0.25804996,0.002443461,-0.02359467,0.02367103,AGGRESSIVE,819237,1
0.61380124,-1.5722823,-1.0634394,0.018936822,-0.10178542,-0.019700404,AGGRESSIVE,819238,1
1.4961765,-1.5547633,-1.5148935,-0.09285152,-0.16287194,-0.03680463,AGGRESSIVE,819239,1
2.2076283,-6.3585253,-0.77087593,-0.03481932,0.16882788,-0.03924809,AGGRESSIVE,819239,1
0.13298476,-3.8215244,-2.0262218,-0.014660766,0.07047858,-0.028863383,AGGRESSIVE,819240,1
2.812831,-2.4217653,-2.5972385,-0.02076942,0.13767375,-0.05879578,AGGRESSIVE,819240,1
1.2215042,-1.6397265,-0.7632618,-0.029321533,0.08208502,-0.06612616,AGGRESSIVE,819241,1
2.8418396,-0.04117942,-1.6660185,-0.096516706,-0.05047274,-0.14676037,AGGRESSIVE,819241,1
3.9880106,0.024005592,0.9604387,-0.08246681,0.33498323,-0.21762075,AGGRESSIVE,819242,1
5.703853,0.12580502,-2.0556288,-0.11484267,0.014278975,-0.23716843,AGGRESSIVE,819242,1
2.8193154,1.2768258,0.16715622,-0.008552114,0.07047858,-0.18891008,AGGRESSIVE,819243,1
2.8460383,2.2042406,0.5604172,0.002443461,0.13095424,-0.08628472,AGGRESSIVE,819243,1
0.22015786,1.7787569,-0.11155987,0.05375614,-0.052305337,-0.009315695,AGGRESSIVE,819244,1
-0.35322022,0.20284384,-0.893631,0.040927973,0.080252424,0.005955936,AGGRESSIVE,819244,1
-0.6192193,-0.6329924,-1.4414892,0.021991149,0.12423472,-0.0050396384,AGGRESSIVE,819245,1
0.55489016,0.24593347,0.68401146,-0.005497787,-0.05841399,-0.0032070426,AGGRESSIVE,819246,1
-0.7820617,-0.8490126,1.0969133,0.019547688,0.006337727,-0.0050396384,AGGRESSIVE,819246,1
-0.07362747,-2.6260445,-0.704834,0.007941248,-0.065133505,-0.014202617,AGGRESSIVE,819247,1
-0.002841711,-2.2712922,-0.70865726,-0.018325957,-0.124387436,-0.0025961774,AGGRESSIVE,819247,1
0.50153327,-2.1934228,-1.306365,0.12644911,0.21464278,0.11591168,AGGRESSIVE,819248,1
-1.6779006,-1.3067034,1.2689915,0.039095376,-0.10606148,0.16905695,AGGRESSIVE,819248,1
-3.3962212,-2.541273,0.7577152,-0.015882496,-0.11950051,0.1769982,AGGRESSIVE,819249,1
-2.0278811,-0.026340961,-1.3620901,0.0067195175,0.10224357,0.300393,AGGRESSIVE,819249,1
-1.536128,-1.3228943,0.31967258,-0.008552114,-0.03153592,0.31627548,AGGRESSIVE,819250,1
1.3765585,1.8194126,-0.49733448,0.09590584,-0.02603813,0.2649628,AGGRESSIVE,819250,1
-0.5257368,0.42190057,0.27075195,0.19181168,-0.017486017,0.27840182,AGGRESSIVE,819251,1
0.35706532,0.42051226,1.9158211,0.09773844,-0.008323039,0.2930626,AGGRESSIVE,819251,1
0.528189,-0.45526862,1.6688137,0.04153884,-0.032757647,0.24113905,AGGRESSIVE,819252,1
-3.112577,0.9617368,0.43820572,0.012217305,-0.018096883,0.22036964,AGGRESSIVE,819253,1
-0.5245774,-0.25839394,1.0285997,-0.00061086525,-0.08895725,0.111635625,AGGRESSIVE,819253,1
0.15672529,-0.12485576,-0.11037636,0.035430185,0.0613156,0.021838432,AGGRESSIVE,819254,1
-0.43741876,-0.30337596,-1.1744051,0.20280726,0.28672487,0.07376198,AGGRESSIVE,819254,1
-0.9119856,1.276383,0.4663601,0.03481932,-0.07612908,0.1348485,AGGRESSIVE,819255,1
-0.31164432,1.068704,0.040981293,0.122783914,-0.040698897,0.14950927,AGGRESSIVE,819255,1
0.35287866,0.9651164,0.90021515,0.047647487,0.025274549,0.18066339,AGGRESSIVE,819256,1
0.19861925,-0.1273719,0.8023977,0.013439035,-0.07307476,0.08231409,AGGRESSIVE,819256,1
-0.02706337,0.013810396,0.17640018,-0.0421497,-0.08590292,0.011453724,AGGRESSIVE,819257,1
-0.1619122,0.838387,-0.84493256,0.032986723,0.12728904,0.0664316,AGGRESSIVE,819257,1
0.45200872,-0.55360615,1.1348505,0.028710667,0.027718011,0.0786489,AGGRESSIVE,819258,1
0.53948593,0.6941153,0.7145138,0.035430185,-0.029092457,-0.020922136,AGGRESSIVE,819258,1
0.6217079,0.74647945,0.035632133,-0.040927973,-0.53488886,-0.12904528,AGGRESSIVE,819259,1
0.0843699,-0.14680517,0.36390114,0.06536258,-0.18364136,-0.08750644,AGGRESSIVE,819260,1
-1.0196713,-1.1678065,-0.1697855,-0.06536258,-0.11217013,0.00290161,AGGRESSIVE,819260,1
-0.28088808,-1.1360557,-0.9250107,-0.092240654,-0.035811976,0.0035124752,AGGRESSIVE,819261,1
-0.6187942,-1.98911,0.606472,0.10445796,0.009392053,-0.038026363,AGGRESSIVE,819261,1
0.859643,-1.793379,0.099451065,-0.08002335,-0.23128885,-0.0154243475,AGGRESSIVE,819262,1
-0.6355176,-1.5767183,-1.6950631,0.03359759,0.12667818,0.051159963,AGGRESSIVE,819262,1
-1.262578,-1.790165,-0.9801626,0.029321533,-0.005879578,0.010231993,AGGRESSIVE,819263,1
-0.45079648,-1.5305989,0.18827724,-0.021991149,0.0020616702,0.0346666,AGGRESSIVE,819263,1
0.14234066,-1.349816,0.22816849,-0.10567969,-0.18241963,-0.0056505036,AGGRESSIVE,819264,1
2.4159982,0.16665208,0.86100006,-0.21135938,-0.21540636,-0.01786781,AGGRESSIVE,819264,1
1.4602203,0.0386827,1.4889956,-0.043982297,-0.04925101,-0.001985312,AGGRESSIVE,819265,1
-0.962693,-0.64983475,-0.23180103,-0.047036625,-0.020540344,-0.0062613687,AGGRESSIVE,819266,1
2.013795,1.2788975,-2.6065173,-0.070249505,-0.044974953,-0.010537425,AGGRESSIVE,819266,1
0.57405376,0.8923614,-0.96689224,0.016493361,0.16027577,-0.013591751,AGGRESSIVE,819267,1
2.587015,-0.7532729,-0.69731426,-0.021991149,0.059483003,-0.03924809,AGGRESSIVE,819267,1
2.9806361,0.27312255,0.89233685,-0.01282817,0.05337435,-0.066737026,AGGRESSIVE,819268,1
0.31154013,-0.6165136,1.475462,-0.007330383,-0.052916203,-0.07162395,AGGRESSIVE,819268,1
0.7503079,-1.1638892,0.34555244,0.016493361,0.04482224,-0.066737026,AGGRESSIVE,819269,1
0.1172868,-0.74415636,1.5796375,0.028099801,-0.0687987,-0.09239337,AGGRESSIVE,819269,1
-1.2483845,-1.3980371,0.9090071,0.014049901,-0.005879578,-0.05207626,AGGRESSIVE,819270,1
0.7730305,-0.7528565,-1.6628022,0.13561209,0.022831088,-0.111941054,AGGRESSIVE,819270,1
-0.3359177,-1.4488277,-0.22087193,0.0012217305,-0.034590244,-0.1375974,AGGRESSIVE,819271,1
2.3999114,-0.19727707,-0.6239176,-0.06841691,0.0045051314,-0.14187345,AGGRESSIVE,819271,1
2.722256,-0.2740841,2.7001429,-0.093462385,-0.042531494,-0.15775596,AGGRESSIVE,819272,1
1.3609157,0.31068325,-0.9492445,0.065973446,0.02649628,-0.16142114,AGGRESSIVE,819273,1
1.1424448,1.1666042,-1.7912002,-0.11178834,-0.20868684,-0.120493166,AGGRESSIVE,819273,1
0.12971258,1.3149405,0.16196251,-0.02443461,-0.059024855,-0.069791354,AGGRESSIVE,819274,1
2.3484886,1.0995541,3.198042,-0.032986723,0.049098294,-0.055741455,AGGRESSIVE,819274,1
-0.87134266,-0.8756576,-0.623682,0.014049901,0.08513934,-0.066737026,AGGRESSIVE,819275,1
5.3406696,1.9441955,1.9685249,0.03176499,-0.088346384,-0.17913623,AGGRESSIVE,819275,1
0.33670163,-0.56696254,-1.3855648,-0.03726278,-0.016264288,-0.063682705,AGGRESSIVE,819276,1
-2.3762476,-0.5326245,-0.12322807,0.031154128,0.11262828,0.05299256,AGGRESSIVE,819276,1
-0.86886,-0.85001606,-0.27031898,0.106901415,-0.17997618,0.035277467,AGGRESSIVE,819277,1
-3.0567303,0.90997994,0.7467537,0.04886922,-0.05352707,0.1525636,AGGRESSIVE,819277,1
-3.018373,1.4134933,-0.030014992,0.069027774,0.10285444,0.2087632,AGGRESSIVE,819278,1
-2.6389287,0.322896,-0.24575996,0.042760566,-0.115835324,0.0926988,AGGRESSIVE,819278,1
-0.12541234,-0.16473049,2.718791,0.028099801,0.0051159966,0.06093381,AGGRESSIVE,819279,1
0.34933376,-0.62098277,0.6680517,-0.017715093,0.018555032,0.023060163,AGGRESSIVE,819280,1
0.3376652,-0.6407666,0.42655182,0.0061086523,0.059483003,-0.08017606,AGGRESSIVE,819280,1
1.6962643,-0.9425242,1.0895987,-0.073303826,-0.07735081,-0.09056077,AGGRESSIVE,819281,1
2.6561575,-0.16428703,0.16176796,-0.09896017,-0.46158504,-0.15897769,AGGRESSIVE,819281,1
0.61853385,-1.2324159,0.70466423,0.02565634,-0.054748796,-0.09056077,AGGRESSIVE,819282,1
0.29746342,-0.53140295,0.9274454,-0.036651913,-0.025427265,-0.0154243475,AGGRESSIVE,819282,1
-0.8124143,1.0743474,0.8770485,-0.02443461,-0.069409564,0.02367103,AGGRESSIVE,819283,1
1.2498305,-0.35809693,0.8143091,-0.028099801,-0.18975002,-0.025198191,AGGRESSIVE,819283,1
1.2363074,2.5214918,-0.4993248,0.013439035,0.084528476,-0.024587326,AGGRESSIVE,819284,1
0.6513934,-0.909223,1.664897,-0.106901415,0.018555032,-0.0013744468,AGGRESSIVE,819284,1
0.5041261,-0.25796014,-0.44808674,-0.01038471,-0.17264579,-0.004428773,AGGRESSIVE,819285,1
-1.4425368,-0.7298624,1.0228071,-0.009773844,-0.027870728,0.010231993,AGGRESSIVE,819285,1
0.36422682,1.8632607,-1.3765268,-0.029321533,-0.05963572,0.03283401,AGGRESSIVE,819286,1
-0.5276731,-0.8065201,1.7908382,-0.010995574,-0.11522446,0.0022907446,AGGRESSIVE,819287,1
0.16190362,-0.25172585,-0.049088478,-0.009773844,0.075976364,0.053603426,AGGRESSIVE,819287,1
0.5746982,1.5053835,-1.4354658,-0.03604105,0.021609358,0.07498371,AGGRESSIVE,819288,1
-0.22602987,-0.41219234,0.52903366,-0.115453534,-0.06574437,0.12140947,AGGRESSIVE,819288,1
-1.0657077,0.3390516,0.9315567,0.02076942,-0.038255434,0.107359566,AGGRESSIVE,819289,1
-1.5949758,1.7287858,-1.415349,-0.0012217305,-0.09750936,0.05299256,AGGRESSIVE,819289,1
0.023813844,1.3605076,-0.88795567,0.050701816,0.115071744,0.03283401,AGGRESSIVE,819290,1
0.8908466,0.40224552,0.41098118,-0.023823744,0.05826127,0.020616703,AGGRESSIVE,819290,1
-0.10940158,0.78772086,0.11784363,-0.0,-0.019929478,0.010842858,AGGRESSIVE,819291,1
0.27227354,0.5776696,-0.5473461,-0.06047566,0.0173333,-0.0025961774,AGGRESSIVE,819291,1
0.90537333,0.13223809,-1.216546,-0.040927973,-0.123165704,0.020616703,AGGRESSIVE,819292,1
0.04403293,-0.48042786,-0.23330212,0.007330383,-0.12560916,-0.032528576,AGGRESSIVE,819293,1
0.7161269,-0.40981436,0.59116554,0.112399206,0.024663685,-0.03924809,AGGRESSIVE,819293,1
-0.5819627,0.5486716,-2.6475635,0.002443461,-0.0669661,-0.060628377,AGGRESSIVE,819294,1
0.8532169,1.0224726,0.45566368,0.042760566,0.020387627,0.024892759,AGGRESSIVE,819294,1
-1.3398659,1.0512261,-1.1706514,-0.0067195175,-0.04314236,0.02611449,AGGRESSIVE,819295,1
-0.28894293,1.518752,-1.2728481,0.07941248,0.12118039,0.029168816,AGGRESSIVE,819295,1
0.9173143,0.6519929,1.8687963,-0.009773844,-0.0052687125,0.0065668016,AGGRESSIVE,819296,1
0.5720198,1.2951726,-0.25979614,-0.0030543262,-0.065133505,-0.016646078,AGGRESSIVE,819296,1
0.56350183,-1.103025,-0.83491516,0.0036651916,0.019165898,0.016340645,AGGRESSIVE,819297,1
-0.75444067,-0.26024354,-0.8359699,0.03176499,-0.042531494,-0.013591751,AGGRESSIVE,819297,1
0.7041452,0.64571255,-2.5967073,-0.050701816,-0.05963572,0.016340645,AGGRESSIVE,819298,1
-0.37754977,-0.94525117,-0.50453854,-0.04520403,0.11323915,0.03283401,AGGRESSIVE,819298,1
-0.8768878,-1.0309904,-0.7694788,0.027488936,0.0075594573,0.0035124752,AGGRESSIVE,819299,1
0.08048618,-0.4480071,0.21441746,0.0012217305,-0.070631295,-0.0062613687,AGGRESSIVE,819300,1
-0.038332343,-1.3689659,1.3096209,-0.0012217305,0.024663685,0.034055736,AGGRESSIVE,819300,1
0.09601092,-1.4329817,1.1444521,0.0067195175,-0.05841399,-0.008093964,AGGRESSIVE,819301,1
0.10540295,0.6553904,0.7709284,-0.045814894,-0.18791743,-0.028863383,AGGRESSIVE,819301,1
1.3126193,1.0174676,-0.023212433,0.002443461,-0.008933905,0.011453724,AGGRESSIVE,819302,1
0.30965245,0.8825598,0.37727737,0.018325957,0.09002627,0.021838432,AGGRESSIVE,819302,1
-0.19145823,1.0636122,1.2550373,-0.014660766,0.011224649,0.015118915,AGGRESSIVE,819303,1
-0.6973515,0.19616473,-0.06756306,-0.02687807,0.016722437,0.01695151,AGGRESSIVE,819303,1
-0.45718575,0.054429293,-0.47145844,-0.0018325958,0.030161472,-0.014202617,AGGRESSIVE,819304,1
1.6752645,0.54563284,-0.10392952,0.037873644,0.10896309,-0.06429356,AGGRESSIVE,819304,1
0.86544156,-0.49011314,0.16178417,-0.02443461,-0.059024855,-0.10949759,AGGRESSIVE,819305,1
1.4004781,0.110939026,-1.1457767,-0.017104227,-0.054748796,-0.15592335,AGGRESSIVE,819305,1
1.8659096,0.97148407,-1.4598169,-0.01160644,0.06253733,-0.15897769,AGGRESSIVE,819306,1
2.1661289,2.1289318,-0.56666946,-0.034208454,-0.02115121,-0.1638646,AGGRESSIVE,819307,1
1.925802,1.7777147,-0.7758856,0.093462385,0.2842814,-0.11804971,AGGRESSIVE,819307,1
1.2127757,1.5568392,0.48060608,0.004276057,-0.07612908,-0.13271047,AGGRESSIVE,819308,1
0.5605984,-0.21759042,0.2011118,-0.0067195175,-0.069409564,-0.08811731,AGGRESSIVE,819308,1
-0.2211802,-0.25617743,-0.49113178,0.012217305,0.0332158,-0.052687127,AGGRESSIVE,819309,1
0.026909351,0.5700896,-0.24991131,-0.02443461,-0.028481591,-0.04718934,AGGRESSIVE,819309,1
1.0051239,-0.7831391,-0.8737116,-0.05497787,-0.07429648,-0.025198191,AGGRESSIVE,819310,1
-0.56710374,-2.0054977,1.0421734,0.076358154,0.10407617,-0.0038179078,AGGRESSIVE,819310,1
-1.0275891,-0.9419706,0.11432552,0.028099801,0.06314819,0.043218717,AGGRESSIVE,819311,1
0.94611764,-0.92742825,-0.38464546,-0.004886922,0.03810272,-0.025809057,AGGRESSIVE,819311,1
0.29914737,-0.2604607,-1.558476,0.017715093,-0.0687987,-0.026419923,AGGRESSIVE,819312,1
-0.21698737,-1.0414071,1.6400213,-0.07391469,0.027718011,-0.011148291,AGGRESSIVE,819312,1
1.7904656,-2.5799894,1.0613489,-0.036651913,0.059483003,-0.030695979,AGGRESSIVE,819313,1
-0.5628524,-1.0229214,0.97692204,0.057421334,-0.027259862,-0.066737026,AGGRESSIVE,819314,1
0.5376284,-0.9532022,-0.011012077,-0.025045475,-0.02115121,-0.024587326,AGGRESSIVE,819314,1
-1.2206837,-2.012843,1.505723,0.018325957,0.021609358,-0.016646078,AGGRESSIVE,819315,1
-0.51724887,-1.5502769,-0.20708752,0.015882496,0.0313832,-0.00076358154,AGGRESSIVE,819315,1
-1.0984454,-1.2505414,0.96637535,-0.07391469,-0.16592628,-0.027641652,AGGRESSIVE,819316,1
-0.27036166,-1.3917928,0.07750416,-0.10323623,-0.27710375,-0.036193766,AGGRESSIVE,819316,1
-2.065305,-2.049417,0.575264,-0.004886922,-0.17570011,-0.025198191,AGGRESSIVE,819317,1
0.03743553,-1.6847906,0.5500345,-0.03176499,-0.09812023,-0.019089539,AGGRESSIVE,819317,1
-0.3829732,-1.5430366,-2.342658,-0.053145275,-0.010155635,0.02733622,AGGRESSIVE,819318,1
-1.4223186,-1.9277229,-0.45894146,0.016493361,0.123623855,0.027947085,AGGRESSIVE,819318,1
0.17240667,-2.1382942,0.49825287,-0.07147124,-0.16348282,-0.044745877,AGGRESSIVE,819319,1
-0.95024264,-1.4383183,0.5163851,-0.02321288,-0.051083606,-0.004428773,AGGRESSIVE,819319,1
0.45436978,0.41770005,0.70447254,0.016493361,0.052763484,-0.03680463,AGGRESSIVE,819320,1
-0.7279308,0.66053003,1.1295671,-0.06719518,0.012446379,-0.08017606,AGGRESSIVE,819321,1
-0.75113654,0.6994697,0.07236862,-0.09101892,-0.120111376,-0.029474247,AGGRESSIVE,819321,1
-1.2586074,1.12766,-0.40907955,0.100792766,0.020998493,-0.04841107,AGGRESSIVE,819322,1
-1.6854374,2.1128254,0.0062856674,-0.07574729,0.069867715,-0.09056077,AGGRESSIVE,819322,1
-1.5393046,1.2413485,-0.8505516,-0.0030543262,0.36858082,-0.12232576,AGGRESSIVE,819323,1
0.66300416,-1.3959627,-0.7535429,-0.057421334,0.0735329,-0.16264287,AGGRESSIVE,819323,1
0.95843077,2.345763,0.5962286,-0.059253927,0.0313832,-0.21212296,AGGRESSIVE,819324,1
0.4415462,2.8573143,-1.6694431,-0.02687807,0.123623855,-0.11560625,AGGRESSIVE,819324,1
-0.17724764,0.16834784,0.36174393,0.06841691,0.0081703225,0.05665775,AGGRESSIVE,819325,1
-0.5280936,0.19789338,0.42483997,0.009773844,0.020387627,0.03894266,AGGRESSIVE,819325,1
-1.0532234,-0.2593702,0.80481625,-0.01160644,0.039935317,0.020005837,AGGRESSIVE,819326,1
0.75713503,-0.99783885,-0.5463581,0.0030543262,-0.03153592,0.008399397,AGGRESSIVE,819327,1
-0.29288864,1.9074903,0.4128437,0.03481932,0.03810272,0.007788532,AGGRESSIVE,819327,1
0.74599206,2.862759,-0.42494106,0.0036651916,0.04482224,0.0053450707,AGGRESSIVE,819328,1
0.41003048,1.0634978,1.1275225,-0.0018325958,0.0075594573,-0.025809057,AGGRESSIVE,819328,1
0.45189166,0.13886994,-0.9213314,-0.05497787,-0.052916203,-0.028863383,AGGRESSIVE,819329,1
0.929137,-0.14095223,0.4671259,0.007941248,-0.013820826,-0.009315695,AGGRESSIVE,819329,1
-0.10153842,-0.1701532,0.09022045,-0.018325957,0.018555032,-0.010537425,AGGRESSIVE,819330,1
-0.7264657,-0.75447416,0.37480354,0.0012217305,-0.003436117,-0.041691553,AGGRESSIVE,819330,1
0.8652122,-0.551044,1.4839869,-0.039095376,0.0173333,-0.019089539,AGGRESSIVE,819331,1
-0.17791843,-2.02572,-0.24976063,-0.017715093,0.013057245,-0.016035212,AGGRESSIVE,819331,1
1.359431,0.04438305,0.051534653,-0.02321288,-0.124387436,-0.014813482,AGGRESSIVE,819332,1
0.32485795,-1.4671478,-0.68856335,0.022602014,0.11568261,-0.0154243475,AGGRESSIVE,819332,1
0.1340065,-0.86712587,0.6925459,-0.009773844,0.018555032,0.01572978,AGGRESSIVE,819333,1
-0.33025098,-0.11240101,1.0341625,0.02076942,0.057650406,0.05665775,AGGRESSIVE,819334,1
0.5300487,0.9817702,-0.06664467,0.061086524,0.18715385,0.08964448,AGGRESSIVE,819334,1
-0.18640256,0.88884753,-0.5707941,0.031154128,0.0020616702,0.052381694,AGGRESSIVE,819335,1
-0.52820647,0.056512475,-0.6378565,-0.0012217305,-0.03153592,0.026725354,AGGRESSIVE,819335,1
-0.02366817,-0.214131,-0.3364811,-0.023823744,-0.013209961,-0.0050396384,AGGRESSIVE,819336,1
-0.49363148,-0.5443825,0.5673628,-0.047036625,-0.05963572,-0.00076358154,AGGRESSIVE,819336,1
0.9945854,0.25534582,-0.1877346,0.007941248,0.005726862,0.020005837,AGGRESSIVE,819337,1
0.6088747,0.3892593,0.44762707,-0.025045475,-0.054748796,0.024281893,AGGRESSIVE,819337,1
-0.17790413,0.8979733,0.5262947,0.02687807,0.07108945,-0.016035212,AGGRESSIVE,819338,1
0.9222051,1.394556,-1.0096741,-0.007941248,0.0081703225,0.029168816,AGGRESSIVE,819338,1
0.26236796,0.8487444,-0.06465721,-0.002443461,0.0045051314,0.033444874,AGGRESSIVE,819339,1
-0.7721737,0.107629776,-0.77216244,-0.03604105,-0.028481591,0.048716504,AGGRESSIVE,819339,1
1.0972096,-0.6142412,0.16422367,-0.02076942,-0.054137934,0.029168816,AGGRESSIVE,819340,1
0.95290935,-0.20932388,0.60432243,-0.0,0.043600507,0.007788532,AGGRESSIVE,819341,1
0.93442094,0.7238326,-0.7146082,0.015882496,-0.03520111,0.0047342055,AGGRESSIVE,819341,1
-0.00799346,0.045536995,-0.42066765,-0.04520403,-0.11766792,0.013897184,AGGRESSIVE,819342,1
0.14622688,-1.4992081,0.60800743,-0.026267206,-0.07857254,-0.01786781,AGGRESSIVE,819342,1
-0.3113439,-0.35327315,-0.30601883,-0.04642576,0.021609358,-0.054519724,AGGRESSIVE,819343,1
0.51353574,0.41605675,-1.1459694,-0.02321288,-0.005879578,-0.10949759,AGGRESSIVE,819343,1
0.49319983,-0.15392506,0.10267162,-0.081855945,-0.033368513,-0.18341228,AGGRESSIVE,819344,1
-0.09122801,-0.5096178,0.8990011,-0.045814894,-0.029703323,-0.1956296,AGGRESSIVE,819344,1
0.5042956,-0.3229512,0.27018642,-0.032986723,0.061926465,-0.17180584,AGGRESSIVE,819345,1
-0.03153205,-0.08196616,0.1050787,-0.047036625,0.044211373,-0.15286903,AGGRESSIVE,819345,1
-0.09141493,-0.21288371,0.799489,-0.040317107,0.024663685,-0.13454308,AGGRESSIVE,819346,1
0.31629014,0.52702963,-0.44628334,-0.021991149,-0.07857254,-0.13576481,AGGRESSIVE,819346,1
0.74861,0.2730795,0.97029877,-0.044593163,-0.124387436,-0.13942999,AGGRESSIVE,819347,1
-0.43636727,-0.32228172,0.720109,-0.0,0.043600507,-0.08750644,AGGRESSIVE,819348,1
0.03533244,0.4227928,0.024489403,0.043982297,0.039935317,0.040775254,AGGRESSIVE,819348,1
-0.508939,0.19452935,0.20183468,0.069027774,0.01488984,0.3193298,AGGRESSIVE,819349,1
0.1190878,-0.20356214,0.21995544,0.07880162,-0.004046982,0.527024,AGGRESSIVE,819349,1
-0.6753311,-0.42998058,-0.3436823,0.10567969,-0.03214678,0.68645984,AGGRESSIVE,819350,1
-0.12487364,-0.2668407,0.73468876,0.093462385,-0.054748796,0.7170031,AGGRESSIVE,819350,1
-0.46850228,-0.5924627,0.5413084,0.04520403,-0.008933905,0.71944654,AGGRESSIVE,819351,1
0.0019985437,-0.8817524,1.4390259,0.06719518,-0.0388663,0.56001073,AGGRESSIVE,819351,1
-0.14610273,-0.17073923,0.007983208,0.015271631,-0.19402607,0.2649628,AGGRESSIVE,819352,1
1.0807484,0.027925253,-0.41388607,0.023823744,0.018555032,-0.06734789,AGGRESSIVE,819352,1
0.051126838,-0.030715704,0.57410145,-0.005497787,0.025885414,-0.044135015,AGGRESSIVE,819353,1
0.056168616,0.1621269,-0.16758347,0.06414085,-0.024205536,0.19960022,AGGRESSIVE,819354,1
-0.3737421,-0.10355264,-0.093753815,0.04886922,-0.020540344,0.41218132,AGGRESSIVE,819354,1
-0.34842515,-0.34951508,0.52679825,0.09285152,-0.033368513,0.6052147,AGGRESSIVE,819355,1
-0.11569154,-0.32204604,0.45700073,0.10751228,-0.037644573,0.6113234,AGGRESSIVE,819355,1
-0.088457346,-0.15832782,0.37799835,0.08002335,0.022831088,0.61926466,AGGRESSIVE,819356,1
0.9189737,-1.1218165,-0.20956612,0.2144137,-0.22579107,0.4830417,AGGRESSIVE,819356,1
2.2595215,-1.2537977,0.24822044,-0.00061086525,0.39973494,0.4885395,AGGRESSIVE,819357,1
-0.6768767,-2.1505854,-0.18162918,0.029321533,-0.15859589,0.24663684,AGGRESSIVE,819357,1
0.9031045,-1.1922829,-0.23794651,0.124005646,0.04848743,0.23930646,AGGRESSIVE,819358,1
2.2350435,-1.5587991,0.6042986,0.41172317,0.2848923,-0.06856962,AGGRESSIVE,819358,1
2.0681422,-2.8594017,1.2000675,-0.5149594,-0.32780555,-0.21151209,AGGRESSIVE,819359,1
-0.29445788,-2.5702744,0.75661564,-0.43676865,0.1633301,0.062155537,AGGRESSIVE,819359,1
1.5820367,-1.7135837,-0.008264542,0.4129449,-0.91362536,0.15806139,AGGRESSIVE,819360,1
0.23903573,0.43575191,1.1041145,-0.27916542,1.0087676,0.536187,AGGRESSIVE,819361,1
0.65284777,-0.69266653,0.11218929,0.08368854,0.0008399397,0.050549097,AGGRESSIVE,819361,1
